nome,cognome,email,citta,stagione,importo_pagato,genere,consenso_marketing,consenso_profilazione
Paolo,Verdi,p.verdi@gmail.com,Torino,2024/2025,220.00,M,true,true
Laura,Neri,l.neri@email.it,Moncalieri,2024/2025,200.00,F,true,false
Stefano,Bruno,s.bruno@libero.it,Rivoli,2024/2025,180.00,M,false,false
Anna,Greco,a.greco@yahoo.it,Torino,2024/2025,200.00,F,true,true
Marco,Ferrari,m.ferrari@gmail.com,Torino,2024/2025,220.00,M,true,true
Giulia,Russo,g.russo@hotmail.it,Chieri,2024/2025,200.00,F,true,true
Luca,Esposito,l.esposito@libero.it,Torino,2024/2025,180.00,M,false,false
Francesca,Bianchi,f.bianchi@gmail.com,Nichelino,2024/2025,200.00,F,true,false
Davide,Conti,d.conti@yahoo.it,Collegno,2024/2025,220.00,M,true,true
Sara,Ricci,s.ricci@email.it,Torino,2024/2025,200.00,F,true,true
Alberto,Lombardi,a.lombardi@gmail.com,Orbassano,2024/2025,160.00,M,false,false
Valentina,Gallo,v.gallo@libero.it,Torino,2024/2025,200.00,F,true,true
Roberto,Martinelli,r.martinelli@hotmail.it,Pinerolo,2024/2025,180.00,M,true,false
Chiara,Costa,c.costa@gmail.com,Torino,2024/2025,220.00,F,true,true
Emanuele,Fontana,e.fontana@yahoo.it,Settimo,2024/2025,200.00,M,true,true
Alessia,Serra,a.serra@email.it,Torino,2024/2025,200.00,F,false,false
Matteo,Barbieri,m.barbieri@gmail.com,Moncalieri,2024/2025,180.00,M,true,true
Elena,Marini,e.marini@libero.it,Torino,2024/2025,220.00,F,true,true
Simone,De Luca,s.deluca@hotmail.it,Rivoli,2024/2025,160.00,M,false,false
Beatrice,Villa,b.villa@gmail.com,Torino,2024/2025,200.00,F,true,false
Nicola,Cattaneo,n.cattaneo@email.it,Grugliasco,2024/2025,220.00,M,true,true
Federica,Gentile,f.gentile@yahoo.it,Torino,2024/2025,200.00,F,true,true
Tommaso,Moretti,t.moretti@libero.it,Venaria,2024/2025,180.00,M,true,false
Irene,Pellegrini,i.pellegrini@gmail.com,Torino,2024/2025,200.00,F,true,true
Giacomo,Caruso,g.caruso@hotmail.it,Collegno,2024/2025,220.00,M,false,false
Paola,Ferretti,p.ferretti@email.it,Torino,2024/2025,200.00,F,true,true
Riccardo,Leone,r.leone@gmail.com,Chieri,2024/2025,180.00,M,true,true
Silvia,Monti,s.monti@libero.it,Torino,2024/2025,220.00,F,true,false
Giorgio,Sanna,g.sanna@yahoo.it,Nichelino,2024/2025,160.00,M,false,false
Martina,Ferri,m.ferri@gmail.com,Torino,2024/2025,200.00,F,true,true
Antonio,Piras,a.piras@email.it,Torino,2024/2025,220.00,M,true,true
Serena,Messina,s.messina@gmail.com,Moncalieri,2024/2025,200.00,F,true,false
Dario,Marchetti,d.marchetti@libero.it,Torino,2024/2025,180.00,M,false,false
Claudia,Longo,c.longo@yahoo.it,Rivoli,2024/2025,200.00,F,true,true
Enrico,Vitale,e.vitale@hotmail.it,Torino,2024/2025,220.00,M,true,true
Monica,Ferrara,m.ferrara@email.it,Chieri,2024/2025,200.00,F,false,false
Fabrizio,Orlando,f.orlando@gmail.com,Torino,2024/2025,180.00,M,true,false
Cristina,Mancini,c.mancini@libero.it,Nichelino,2024/2025,220.00,F,true,true
Alessandro,Riva,a.riva@yahoo.it,Torino,2024/2025,200.00,M,true,true
Rossella,Amato,r.amato@gmail.com,Collegno,2024/2025,180.00,F,true,false
Filippo,Guerra,f.guerra@hotmail.it,Torino,2024/2025,220.00,M,false,false
Margherita,Giordano,m.giordano@email.it,Orbassano,2024/2025,200.00,F,true,true
Salvatore,Colombo,s.colombo@gmail.com,Torino,2024/2025,160.00,M,true,true
Elisa,Damico,e.damico@libero.it,Settimo,2024/2025,200.00,F,true,false
Massimo,Testa,m.testa@yahoo.it,Torino,2024/2025,220.00,M,true,true
Patrizia,Rizzi,p.rizzi@gmail.com,Venaria,2024/2025,200.00,F,false,false
Claudio,Palumbo,c.palumbo@email.it,Torino,2024/2025,180.00,M,true,true
Daniela,Gatti,d.gatti@hotmail.it,Grugliasco,2024/2025,220.00,F,true,true
Giovanni,Fabbri,g.fabbri@libero.it,Torino,2024/2025,200.00,M,true,false
Lucia,Martino,l.martino@gmail.com,Pinerolo,2024/2025,180.00,F,true,true
Bruno,Cattaneo,b.cattaneo2@email.it,Torino,2024/2025,220.00,M,false,false
Teresa,Innocenti,t.innocenti@yahoo.it,Moncalieri,2024/2025,200.00,F,true,true
Angelo,Morelli,a.morelli@gmail.com,Torino,2024/2025,180.00,M,true,false
Concetta,Silvestri,c.silvestri@libero.it,Rivoli,2024/2025,200.00,F,true,true
Renato,Parisi,r.parisi@hotmail.it,Torino,2024/2025,220.00,M,true,true
Ornella,Valenti,o.valenti@email.it,Chieri,2024/2025,160.00,F,false,false
Vincenzo,Luca,v.luca@gmail.com,Torino,2024/2025,200.00,M,true,true
Antonella,Pinto,a.pinto@libero.it,Nichelino,2024/2025,220.00,F,true,false
Cesare,Ruggiero,c.ruggiero@yahoo.it,Torino,2024/2025,180.00,M,false,false
Immacolata,Bianco,i.bianco@gmail.com,Collegno,2024/2025,200.00,F,true,true
Pierluigi,Carbone,p.carbone@email.it,Torino,2024/2025,220.00,M,true,true
Loredana,Santoro,l.santoro@hotmail.it,Orbassano,2024/2025,200.00,F,true,false
Gianluca,Fiore,g.fiore@libero.it,Torino,2024/2025,180.00,M,true,true
Rossana,Ferretti,r.ferretti2@gmail.com,Settimo,2024/2025,200.00,F,false,false
Pasquale,Monti,p.monti2@yahoo.it,Torino,2024/2025,220.00,M,true,true
Roberta,Sartori,r.sartori@email.it,Venaria,2024/2025,200.00,F,true,true
Mauro,Pellegrino,m.pellegrino@gmail.com,Torino,2024/2025,160.00,M,false,false
Stefania,Battaglia,s.battaglia@libero.it,Grugliasco,2024/2025,200.00,F,true,false
Aldo,Grassi,a.grassi@hotmail.it,Torino,2024/2025,220.00,M,true,true
Nicoletta,Tosi,n.tosi@gmail.com,Pinerolo,2024/2025,200.00,F,true,true
Armando,Cavalli,a.cavalli@email.it,Torino,2024/2025,180.00,M,true,false
Tiziana,Nardini,t.nardini@yahoo.it,Moncalieri,2024/2025,220.00,F,false,false
Corrado,Bernardi,c.bernardi@gmail.com,Torino,2024/2025,200.00,M,true,true
Gabriella,Rizzi,g.rizzi2@libero.it,Rivoli,2024/2025,180.00,F,true,true
Ezio,D'Angelo,e.dangelo@hotmail.it,Torino,2024/2025,220.00,M,true,false
Sabrina,Costantini,s.costantini@email.it,Chieri,2024/2025,200.00,F,true,true
Adolfo,Marrone,a.marrone@gmail.com,Torino,2024/2025,160.00,M,false,false
Cinzia,Farina,c.farina@yahoo.it,Nichelino,2024/2025,200.00,F,true,true
Elio,Benedetti,e.benedetti@libero.it,Torino,2024/2025,220.00,M,true,false
Wanda,Ferretti,w.ferretti@gmail.com,Collegno,2024/2025,200.00,F,true,true
Primo,Bassi,p.bassi@email.it,Torino,2024/2025,180.00,M,false,false
Ivana,Piccolo,i.piccolo@hotmail.it,Orbassano,2024/2025,220.00,F,true,true
Nereo,Caputo,n.caputo@gmail.com,Torino,2024/2025,200.00,M,true,true
Mirella,Grasso,m.grasso@libero.it,Settimo,2024/2025,180.00,F,true,false
Renzo,Landi,r.landi@yahoo.it,Torino,2024/2025,200.00,M,true,true
Franca,Marchese,f.marchese@email.it,Venaria,2024/2025,220.00,F,false,false
Dino,Sorrentino,d.sorrentino@gmail.com,Torino,2024/2025,160.00,M,true,true
Lidia,Esposito,l.esposito2@hotmail.it,Grugliasco,2024/2025,200.00,F,true,true
Enzo,Ferraro,e.ferraro@libero.it,Torino,2024/2025,220.00,M,true,false
Nadia,Colombo,n.colombo2@gmail.com,Pinerolo,2024/2025,200.00,F,true,true
Umberto,Santini,u.santini@email.it,Torino,2024/2025,180.00,M,false,false
Eleonora,Vitali,e.vitali@yahoo.it,Moncalieri,2024/2025,220.00,F,true,true
Adelio,Romano,a.romano@gmail.com,Torino,2024/2025,200.00,M,true,false
Giovanna,Ferretti,g.ferretti3@libero.it,Rivoli,2024/2025,180.00,F,false,false
Otello,Gallo,o.gallo2@hotmail.it,Torino,2024/2025,220.00,M,true,true
Graziella,Martini,g.martini@email.it,Chieri,2024/2025,200.00,F,true,true
