nome,cognome,email,citta,stagione,data_acquisto,importo_pagato,genere,consenso_marketing,consenso_profilazione
Giulia,Rossi,g.rossi@email.it,Vercelli,2024/2025,2024-08-09,240.0,F,true,true
Matteo,Ferretti,m.ferretti@email.it,Novara,2024/2025,2024-07-19,300.0,M,true,true
Marco,Bianchi,m.bianchi@gmail.com,Vercelli,2024/2025,2024-07-25,220.0,M,true,false
Alessia,Monti,a.monti@email.it,Biella,2024/2025,2024-07-02,300.0,F,true,false
Antonio,Barbieri,a.barbieri@libero.it,Vercelli,2024/2025,2024-08-20,300.0,M,true,true
Stefano,Ricci,s.ricci@gmail.com,Vercelli,2024/2025,2024-10-04,220.0,M,true,true
Matteo,Mancini,m.mancini@libero.it,Novara,2024/2025,2024-06-24,220.0,M,true,true
Federica,Moretti,f.moretti@gmail.com,Vercelli,2024/2025,2024-10-05,260.0,F,true,true
Daniela,Gatti,d.gatti@libero.it,Novara,2024/2025,2024-08-24,220.0,F,true,true
Davide,Pellegrini,d.pellegrini@libero.it,Vercelli,2024/2025,2024-07-07,220.0,M,true,true
Stefano,Russo,s.russo@email.it,Vercelli,2024/2025,2024-06-02,260.0,M,true,true
Alessandro,Ferretti,a.ferretti@libero.it,Biella,2024/2025,2024-07-16,220.0,M,true,false
Francesca,Moretti,f.moretti@email.it,Vercelli,2024/2025,2024-06-14,300.0,F,true,true
Stefano,Poli,s.poli@email.it,Biella,2024/2025,2024-06-24,240.0,M,true,false
Monica,Esposito,m.esposito@gmail.com,Vercelli,2024/2025,2024-06-27,260.0,F,true,true
Stefano,Bianchi,s.bianchi@gmail.com,Asti,2024/2025,2024-06-29,180.0,M,true,false
Roberta,Costa,r.costa@email.it,Santhià,2024/2025,2024-06-03,200.0,F,true,true
Davide,Sartori,d.sartori@hotmail.it,Trino,2024/2025,2024-10-05,220.0,M,true,false
Anna,Gatti,a.gatti@hotmail.it,Casale Monferrato,2024/2025,2024-06-16,180.0,F,true,false
Nicola,Rizzo,n.rizzo@gmail.com,Torino,2024/2025,2024-06-13,180.0,M,true,true
Francesco,Marchetti,f.marchetti@email.it,Casale Monferrato,2024/2025,2024-08-21,200.0,M,true,true
Gianluca,Russo,g.russo@hotmail.it,Novara,2024/2025,2024-09-10,220.0,M,true,true
Giulia,Ferretti,g.ferretti@hotmail.it,Torino,2024/2025,2024-08-01,220.0,F,true,false
Matteo,Conti,m.conti@yahoo.it,Vercelli,2024/2025,2024-08-17,180.0,M,true,false
Elisa,Lombardi,e.lombardi@gmail.com,Trino,2024/2025,2024-07-03,220.0,F,true,true
Nicola,Fontana,n.fontana@gmail.com,Vercelli,2024/2025,2024-08-19,180.0,M,true,false
Cristina,Poli,c.poli@gmail.com,Borgosesia,2024/2025,2024-08-28,200.0,F,true,false
Matteo,Poli,m.poli@libero.it,Asti,2024/2025,2024-11-12,180.0,M,true,false
Davide,Gatti,d.gatti@hotmail.it,Vercelli,2024/2025,2024-08-14,220.0,M,true,true
Andrea,Pellegrini,a.pellegrini@hotmail.it,Torino,2024/2025,2024-07-16,180.0,M,true,true
Roberta,Moretti,r.moretti@gmail.com,Novara,2024/2025,2024-10-25,180.0,F,true,false
Paola,Costa,p.costa@email.it,Crescentino,2024/2025,2024-08-12,200.0,F,true,false
Federica,Colombo,f.colombo@gmail.com,Vercelli,2024/2025,2024-10-24,200.0,F,true,true
Enrico,Moretti,e.moretti@gmail.com,Borgosesia,2024/2025,2024-07-17,180.0,M,true,true
Luca,Bruno,l.bruno@gmail.com,Asti,2024/2025,2024-07-02,200.0,M,true,true
Nicola,Bruno,n.bruno@libero.it,Crescentino,2024/2025,2024-09-08,180.0,M,false,false
Enrico,Barbieri,e.barbieri@yahoo.it,Vercelli,2024/2025,2024-08-11,200.0,M,false,false
Matteo,Colombo,m.colombo@email.it,Casale Monferrato,2024/2025,2024-07-21,200.0,M,false,false
Federica,Romano,f.romano@email.it,Vercelli,2024/2025,2024-07-28,180.0,F,true,false
Monica,Marchetti,m.marchetti@gmail.com,Vercelli,2024/2025,2024-06-03,180.0,F,true,false
Valentina,Giordano,v.giordano@gmail.com,Novara,2024/2025,2024-06-08,180.0,F,false,false
Antonio,Marchetti,a.marchetti@hotmail.it,Vercelli,2024/2025,2024-09-03,180.0,M,true,false
Davide,Marino,d.marino@yahoo.it,Santhià,2024/2025,2024-11-21,180.0,M,false,false
Sara,Marino,s.marino@yahoo.it,Vercelli,2024/2025,2024-07-31,200.0,F,false,false
Paola,Giordano,p.giordano@email.it,Torino,2024/2025,2024-08-15,180.0,F,false,false
Roberto,Greco,r.greco@gmail.com,Borgosesia,2024/2025,2024-08-24,200.0,M,true,false
Luca,Barbieri,l.barbieri@yahoo.it,Trino,2024/2025,2024-08-14,180.0,M,true,false
Francesco,Bianchi,f.bianchi@hotmail.it,Vercelli,2024/2025,2024-10-05,200.0,M,true,false
Enrico,Bruno,e.bruno@hotmail.it,Borgosesia,2024/2025,2024-09-25,180.0,M,true,false
Serena,Barbieri,s.barbieri@hotmail.it,Biella,2024/2025,2024-06-01,180.0,F,false,false
Martina,Gallo,m.gallo@yahoo.it,Vercelli,2024/2025,2024-08-26,200.0,F,false,false
Chiara,Rossi,c.rossi@yahoo.it,Borgosesia,2024/2025,2024-07-11,180.0,F,true,false
Nicola,Gallo,n.gallo@gmail.com,Asti,2024/2025,2024-08-31,180.0,M,false,false
Paolo,Conti,p.conti@gmail.com,Santhià,2024/2025,2024-11-02,180.0,M,false,false
Giulia,Gatti,g.gatti@gmail.com,Novara,2024/2025,2024-10-09,180.0,F,true,false
Stefano,Conti,s.conti@hotmail.it,Vercelli,2024/2025,2024-07-19,180.0,M,false,false
Cristina,Rizzo,c.rizzo@libero.it,Asti,2024/2025,2024-11-07,180.0,F,true,false
Elisa,Ferrari,e.ferrari@gmail.com,Biella,2024/2025,2024-11-29,200.0,F,true,false
Antonio,Moretti,a.moretti@email.it,Casale Monferrato,2024/2025,2024-08-26,180.0,M,true,false
Giovanni,Moretti,g.moretti@gmail.com,Alessandria,2024/2025,2024-11-14,180.0,M,false,false
Valentina,Ferrari,v.ferrari@libero.it,Biella,2024/2025,2024-07-13,200.0,F,true,false
Davide,Ferretti,d.ferretti@gmail.com,Biella,2024/2025,2024-06-21,180.0,M,false,false
Francesco,Gatti,f.gatti@yahoo.it,Vercelli,2024/2025,2024-11-28,200.0,M,true,false
Francesca,Marchetti,f.marchetti@email.it,Vercelli,2024/2025,2024-08-21,180.0,F,false,false
Martina,Greco,m.greco@yahoo.it,Biella,2024/2025,2024-09-14,180.0,F,false,false
Marco,Ferretti,m.ferretti@gmail.com,Casale Monferrato,2024/2025,2024-09-02,200.0,M,false,false
Stefano,Mancini,s.mancini@email.it,Trino,2024/2025,2024-08-17,200.0,M,false,false
Matteo,Gatti,m.gatti@libero.it,Vercelli,2024/2025,2024-08-01,180.0,M,false,false
Gianluca,Giordano,g.giordano@libero.it,Torino,2024/2025,2024-07-18,200.0,M,false,false
Giorgio,Gatti,g.gatti@hotmail.it,Vercelli,2024/2025,2024-08-27,180.0,M,false,false
