nome,cognome,email,data_partita,settore,prezzo
Giulia,Rossi,g.rossi@email.it,2024-09-01,Tribuna,20.0
Giulia,Rossi,g.rossi@email.it,2024-09-01,Tribuna,20.0
Giulia,Rossi,g.rossi@email.it,2024-09-15,Tribuna,20.0
Giulia,Rossi,g.rossi@email.it,2024-09-29,Tribuna,20.0
Giulia,Rossi,g.rossi@email.it,2024-10-13,Tribuna,20.0
Giulia,Rossi,g.rossi@email.it,2024-10-27,Tribuna,20.0
Giulia,Rossi,g.rossi@email.it,2024-10-27,Tribuna,20.0
Giulia,Rossi,g.rossi@email.it,2024-10-27,Tribuna,20.0
Giulia,Rossi,g.rossi@email.it,2024-11-10,VIP,45.0
Giulia,Rossi,g.rossi@email.it,2024-12-08,VIP,45.0
Giulia,Rossi,g.rossi@email.it,2024-12-22,Tribuna,20.0
Giulia,Rossi,g.rossi@email.it,2024-12-22,Tribuna,20.0
Giulia,Rossi,g.rossi@email.it,2025-01-12,VIP,45.0
Giulia,Rossi,g.rossi@email.it,2025-01-12,VIP,45.0
Giulia,Rossi,g.rossi@email.it,2025-01-26,Tribuna,20.0
Giulia,Rossi,g.rossi@email.it,2025-01-26,Tribuna,20.0
Giulia,Rossi,g.rossi@email.it,2025-01-26,Tribuna,20.0
Giulia,Rossi,g.rossi@email.it,2025-01-26,Tribuna,20.0
Giulia,Rossi,g.rossi@email.it,2025-02-09,Tribuna,20.0
Giulia,Rossi,g.rossi@email.it,2025-02-09,Tribuna,20.0
Giulia,Rossi,g.rossi@email.it,2025-02-09,Tribuna,20.0
Giulia,Rossi,g.rossi@email.it,2025-02-23,Tribuna,20.0
Giulia,Rossi,g.rossi@email.it,2025-03-09,VIP,45.0
Giulia,Rossi,g.rossi@email.it,2025-03-23,VIP,45.0
Giulia,Rossi,g.rossi@email.it,2025-03-23,VIP,45.0
Giulia,Rossi,g.rossi@email.it,2025-04-06,Tribuna,20.0
Giulia,Rossi,g.rossi@email.it,2025-04-20,VIP,45.0
Giulia,Rossi,g.rossi@email.it,2025-04-20,VIP,45.0
Giulia,Rossi,g.rossi@email.it,2025-05-04,VIP,45.0
Giulia,Rossi,g.rossi@email.it,2025-05-18,Tribuna,20.0
Matteo,Ferretti,m.ferretti@email.it,2024-09-01,Tribuna,20.0
Matteo,Ferretti,m.ferretti@email.it,2024-09-01,Tribuna,20.0
Matteo,Ferretti,m.ferretti@email.it,2024-09-15,VIP,45.0
Matteo,Ferretti,m.ferretti@email.it,2024-09-15,VIP,45.0
Matteo,Ferretti,m.ferretti@email.it,2024-09-15,VIP,45.0
Matteo,Ferretti,m.ferretti@email.it,2024-09-29,Tribuna,20.0
Matteo,Ferretti,m.ferretti@email.it,2024-09-29,Tribuna,20.0
Matteo,Ferretti,m.ferretti@email.it,2024-09-29,Tribuna,20.0
Matteo,Ferretti,m.ferretti@email.it,2024-10-13,Tribuna,20.0
Matteo,Ferretti,m.ferretti@email.it,2024-10-13,Tribuna,20.0
Matteo,Ferretti,m.ferretti@email.it,2024-10-27,VIP,45.0
Matteo,Ferretti,m.ferretti@email.it,2024-10-27,VIP,45.0
Matteo,Ferretti,m.ferretti@email.it,2024-10-27,VIP,45.0
Matteo,Ferretti,m.ferretti@email.it,2024-11-10,Tribuna,20.0
Matteo,Ferretti,m.ferretti@email.it,2024-11-24,Tribuna,20.0
Matteo,Ferretti,m.ferretti@email.it,2024-11-24,Tribuna,20.0
Matteo,Ferretti,m.ferretti@email.it,2024-12-08,Tribuna,20.0
Matteo,Ferretti,m.ferretti@email.it,2024-12-08,Tribuna,20.0
Matteo,Ferretti,m.ferretti@email.it,2024-12-22,VIP,45.0
Matteo,Ferretti,m.ferretti@email.it,2024-12-22,VIP,45.0
Matteo,Ferretti,m.ferretti@email.it,2024-12-22,VIP,45.0
Matteo,Ferretti,m.ferretti@email.it,2024-12-22,VIP,45.0
Matteo,Ferretti,m.ferretti@email.it,2025-01-12,Tribuna,20.0
Matteo,Ferretti,m.ferretti@email.it,2025-01-26,Tribuna,20.0
Matteo,Ferretti,m.ferretti@email.it,2025-02-09,Tribuna,20.0
Matteo,Ferretti,m.ferretti@email.it,2025-02-09,Tribuna,20.0
Matteo,Ferretti,m.ferretti@email.it,2025-02-23,Tribuna,20.0
Matteo,Ferretti,m.ferretti@email.it,2025-02-23,Tribuna,20.0
Matteo,Ferretti,m.ferretti@email.it,2025-02-23,Tribuna,20.0
Matteo,Ferretti,m.ferretti@email.it,2025-02-23,Tribuna,20.0
Matteo,Ferretti,m.ferretti@email.it,2025-03-09,VIP,45.0
Matteo,Ferretti,m.ferretti@email.it,2025-03-09,VIP,45.0
Matteo,Ferretti,m.ferretti@email.it,2025-03-23,Tribuna,20.0
Matteo,Ferretti,m.ferretti@email.it,2025-03-23,Tribuna,20.0
Matteo,Ferretti,m.ferretti@email.it,2025-03-23,Tribuna,20.0
Matteo,Ferretti,m.ferretti@email.it,2025-03-23,Tribuna,20.0
Matteo,Ferretti,m.ferretti@email.it,2025-04-06,Tribuna,20.0
Matteo,Ferretti,m.ferretti@email.it,2025-04-06,Tribuna,20.0
Matteo,Ferretti,m.ferretti@email.it,2025-04-06,Tribuna,20.0
Matteo,Ferretti,m.ferretti@email.it,2025-04-06,Tribuna,20.0
Matteo,Ferretti,m.ferretti@email.it,2025-05-04,Tribuna,20.0
Matteo,Ferretti,m.ferretti@email.it,2025-05-04,Tribuna,20.0
Matteo,Ferretti,m.ferretti@email.it,2025-05-18,Tribuna,20.0
Marco,Bianchi,m.bianchi@gmail.com,2024-09-01,Tribuna,20.0
Marco,Bianchi,m.bianchi@gmail.com,2024-09-01,Tribuna,20.0
Marco,Bianchi,m.bianchi@gmail.com,2024-09-01,Tribuna,20.0
Marco,Bianchi,m.bianchi@gmail.com,2024-09-15,Tribuna,20.0
Marco,Bianchi,m.bianchi@gmail.com,2024-09-15,Tribuna,20.0
Marco,Bianchi,m.bianchi@gmail.com,2024-09-15,Tribuna,20.0
Marco,Bianchi,m.bianchi@gmail.com,2024-10-13,VIP,45.0
Marco,Bianchi,m.bianchi@gmail.com,2024-10-13,VIP,45.0
Marco,Bianchi,m.bianchi@gmail.com,2024-10-13,VIP,45.0
Marco,Bianchi,m.bianchi@gmail.com,2024-10-13,VIP,45.0
Marco,Bianchi,m.bianchi@gmail.com,2024-11-10,Tribuna,20.0
Marco,Bianchi,m.bianchi@gmail.com,2024-11-10,Tribuna,20.0
Marco,Bianchi,m.bianchi@gmail.com,2024-11-10,Tribuna,20.0
Marco,Bianchi,m.bianchi@gmail.com,2024-11-24,Tribuna,20.0
Marco,Bianchi,m.bianchi@gmail.com,2024-11-24,Tribuna,20.0
Marco,Bianchi,m.bianchi@gmail.com,2024-12-08,VIP,45.0
Marco,Bianchi,m.bianchi@gmail.com,2024-12-08,VIP,45.0
Marco,Bianchi,m.bianchi@gmail.com,2024-12-08,VIP,45.0
Marco,Bianchi,m.bianchi@gmail.com,2024-12-22,Tribuna,20.0
Marco,Bianchi,m.bianchi@gmail.com,2024-12-22,Tribuna,20.0
Marco,Bianchi,m.bianchi@gmail.com,2025-01-12,Tribuna,20.0
Marco,Bianchi,m.bianchi@gmail.com,2025-01-12,Tribuna,20.0
Marco,Bianchi,m.bianchi@gmail.com,2025-01-26,Tribuna,20.0
Marco,Bianchi,m.bianchi@gmail.com,2025-02-09,VIP,45.0
Marco,Bianchi,m.bianchi@gmail.com,2025-02-09,VIP,45.0
Marco,Bianchi,m.bianchi@gmail.com,2025-02-09,VIP,45.0
Marco,Bianchi,m.bianchi@gmail.com,2025-02-09,VIP,45.0
Marco,Bianchi,m.bianchi@gmail.com,2025-02-23,VIP,45.0
Marco,Bianchi,m.bianchi@gmail.com,2025-02-23,VIP,45.0
Marco,Bianchi,m.bianchi@gmail.com,2025-03-23,Tribuna,20.0
Marco,Bianchi,m.bianchi@gmail.com,2025-03-23,Tribuna,20.0
Marco,Bianchi,m.bianchi@gmail.com,2025-03-23,Tribuna,20.0
Marco,Bianchi,m.bianchi@gmail.com,2025-03-23,Tribuna,20.0
Marco,Bianchi,m.bianchi@gmail.com,2025-04-06,Tribuna,20.0
Marco,Bianchi,m.bianchi@gmail.com,2025-04-06,Tribuna,20.0
Marco,Bianchi,m.bianchi@gmail.com,2025-04-06,Tribuna,20.0
Marco,Bianchi,m.bianchi@gmail.com,2025-04-20,Tribuna,20.0
Marco,Bianchi,m.bianchi@gmail.com,2025-04-20,Tribuna,20.0
Marco,Bianchi,m.bianchi@gmail.com,2025-04-20,Tribuna,20.0
Marco,Bianchi,m.bianchi@gmail.com,2025-05-18,VIP,45.0
Marco,Bianchi,m.bianchi@gmail.com,2025-05-18,VIP,45.0
Alessia,Monti,a.monti@email.it,2024-09-01,Tribuna,20.0
Alessia,Monti,a.monti@email.it,2024-09-01,Tribuna,20.0
Alessia,Monti,a.monti@email.it,2024-09-15,Tribuna,20.0
Alessia,Monti,a.monti@email.it,2024-09-15,Tribuna,20.0
Alessia,Monti,a.monti@email.it,2024-09-29,Tribuna,20.0
Alessia,Monti,a.monti@email.it,2024-09-29,Tribuna,20.0
Alessia,Monti,a.monti@email.it,2024-10-13,Tribuna,20.0
Alessia,Monti,a.monti@email.it,2024-10-13,Tribuna,20.0
Alessia,Monti,a.monti@email.it,2024-10-13,Tribuna,20.0
Alessia,Monti,a.monti@email.it,2024-10-13,Tribuna,20.0
Alessia,Monti,a.monti@email.it,2024-10-27,Tribuna,20.0
Alessia,Monti,a.monti@email.it,2024-10-27,Tribuna,20.0
Alessia,Monti,a.monti@email.it,2024-11-10,Tribuna,20.0
Alessia,Monti,a.monti@email.it,2024-11-10,Tribuna,20.0
Alessia,Monti,a.monti@email.it,2024-11-10,Tribuna,20.0
Alessia,Monti,a.monti@email.it,2024-11-24,VIP,45.0
Alessia,Monti,a.monti@email.it,2024-12-08,Tribuna,20.0
Alessia,Monti,a.monti@email.it,2024-12-08,Tribuna,20.0
Alessia,Monti,a.monti@email.it,2024-12-22,VIP,45.0
Alessia,Monti,a.monti@email.it,2024-12-22,VIP,45.0
Alessia,Monti,a.monti@email.it,2025-01-12,Tribuna,20.0
Alessia,Monti,a.monti@email.it,2025-01-12,Tribuna,20.0
Alessia,Monti,a.monti@email.it,2025-01-12,Tribuna,20.0
Alessia,Monti,a.monti@email.it,2025-01-26,Tribuna,20.0
Alessia,Monti,a.monti@email.it,2025-02-09,VIP,45.0
Alessia,Monti,a.monti@email.it,2025-02-09,VIP,45.0
Alessia,Monti,a.monti@email.it,2025-02-23,Tribuna,20.0
Alessia,Monti,a.monti@email.it,2025-02-23,Tribuna,20.0
Alessia,Monti,a.monti@email.it,2025-02-23,Tribuna,20.0
Alessia,Monti,a.monti@email.it,2025-03-09,VIP,45.0
Alessia,Monti,a.monti@email.it,2025-03-09,VIP,45.0
Alessia,Monti,a.monti@email.it,2025-03-09,VIP,45.0
Alessia,Monti,a.monti@email.it,2025-04-06,Tribuna,20.0
Alessia,Monti,a.monti@email.it,2025-04-06,Tribuna,20.0
Alessia,Monti,a.monti@email.it,2025-04-20,Tribuna,20.0
Alessia,Monti,a.monti@email.it,2025-05-04,Tribuna,20.0
Alessia,Monti,a.monti@email.it,2025-05-04,Tribuna,20.0
Alessia,Monti,a.monti@email.it,2025-05-18,Tribuna,20.0
Alessia,Monti,a.monti@email.it,2025-05-18,Tribuna,20.0
Antonio,Barbieri,a.barbieri@libero.it,2024-09-01,Tribuna,20.0
Antonio,Barbieri,a.barbieri@libero.it,2024-09-01,Tribuna,20.0
Antonio,Barbieri,a.barbieri@libero.it,2024-10-13,Tribuna,20.0
Antonio,Barbieri,a.barbieri@libero.it,2024-10-27,Tribuna,20.0
Antonio,Barbieri,a.barbieri@libero.it,2024-10-27,Tribuna,20.0
Antonio,Barbieri,a.barbieri@libero.it,2024-11-10,Tribuna,20.0
Antonio,Barbieri,a.barbieri@libero.it,2024-11-10,Tribuna,20.0
Antonio,Barbieri,a.barbieri@libero.it,2024-11-10,Tribuna,20.0
Antonio,Barbieri,a.barbieri@libero.it,2024-11-10,Tribuna,20.0
Antonio,Barbieri,a.barbieri@libero.it,2024-11-24,VIP,45.0
Antonio,Barbieri,a.barbieri@libero.it,2024-11-24,VIP,45.0
Antonio,Barbieri,a.barbieri@libero.it,2024-11-24,VIP,45.0
Antonio,Barbieri,a.barbieri@libero.it,2024-12-08,VIP,45.0
Antonio,Barbieri,a.barbieri@libero.it,2024-12-22,VIP,45.0
Antonio,Barbieri,a.barbieri@libero.it,2024-12-22,VIP,45.0
Antonio,Barbieri,a.barbieri@libero.it,2025-01-12,VIP,45.0
Antonio,Barbieri,a.barbieri@libero.it,2025-01-12,VIP,45.0
Antonio,Barbieri,a.barbieri@libero.it,2025-01-26,VIP,45.0
Antonio,Barbieri,a.barbieri@libero.it,2025-01-26,VIP,45.0
Antonio,Barbieri,a.barbieri@libero.it,2025-01-26,VIP,45.0
Antonio,Barbieri,a.barbieri@libero.it,2025-02-09,Tribuna,20.0
Antonio,Barbieri,a.barbieri@libero.it,2025-02-23,Tribuna,20.0
Antonio,Barbieri,a.barbieri@libero.it,2025-03-09,Tribuna,20.0
Antonio,Barbieri,a.barbieri@libero.it,2025-03-09,Tribuna,20.0
Antonio,Barbieri,a.barbieri@libero.it,2025-03-23,Tribuna,20.0
Antonio,Barbieri,a.barbieri@libero.it,2025-04-06,VIP,45.0
Antonio,Barbieri,a.barbieri@libero.it,2025-04-06,VIP,45.0
Antonio,Barbieri,a.barbieri@libero.it,2025-04-06,VIP,45.0
Antonio,Barbieri,a.barbieri@libero.it,2025-04-06,VIP,45.0
Antonio,Barbieri,a.barbieri@libero.it,2025-04-20,Tribuna,20.0
Antonio,Barbieri,a.barbieri@libero.it,2025-04-20,Tribuna,20.0
Antonio,Barbieri,a.barbieri@libero.it,2025-04-20,Tribuna,20.0
Antonio,Barbieri,a.barbieri@libero.it,2025-04-20,Tribuna,20.0
Antonio,Barbieri,a.barbieri@libero.it,2025-05-04,Tribuna,20.0
Antonio,Barbieri,a.barbieri@libero.it,2025-05-04,Tribuna,20.0
Antonio,Barbieri,a.barbieri@libero.it,2025-05-18,Tribuna,20.0
Stefano,Ricci,s.ricci@gmail.com,2024-09-01,Tribuna,20.0
Stefano,Ricci,s.ricci@gmail.com,2024-09-01,Tribuna,20.0
Stefano,Ricci,s.ricci@gmail.com,2024-09-15,VIP,45.0
Stefano,Ricci,s.ricci@gmail.com,2024-09-15,VIP,45.0
Stefano,Ricci,s.ricci@gmail.com,2024-10-13,VIP,45.0
Stefano,Ricci,s.ricci@gmail.com,2024-10-13,VIP,45.0
Stefano,Ricci,s.ricci@gmail.com,2024-11-10,Tribuna,20.0
Stefano,Ricci,s.ricci@gmail.com,2024-12-08,VIP,45.0
Stefano,Ricci,s.ricci@gmail.com,2024-12-22,Tribuna,20.0
Stefano,Ricci,s.ricci@gmail.com,2024-12-22,Tribuna,20.0
Stefano,Ricci,s.ricci@gmail.com,2024-12-22,Tribuna,20.0
Stefano,Ricci,s.ricci@gmail.com,2025-01-12,Tribuna,20.0
Stefano,Ricci,s.ricci@gmail.com,2025-01-12,Tribuna,20.0
Stefano,Ricci,s.ricci@gmail.com,2025-02-09,Tribuna,20.0
Stefano,Ricci,s.ricci@gmail.com,2025-02-09,Tribuna,20.0
Stefano,Ricci,s.ricci@gmail.com,2025-02-23,VIP,45.0
Stefano,Ricci,s.ricci@gmail.com,2025-02-23,VIP,45.0
Stefano,Ricci,s.ricci@gmail.com,2025-03-09,VIP,45.0
Stefano,Ricci,s.ricci@gmail.com,2025-03-09,VIP,45.0
Stefano,Ricci,s.ricci@gmail.com,2025-03-23,VIP,45.0
Stefano,Ricci,s.ricci@gmail.com,2025-03-23,VIP,45.0
Stefano,Ricci,s.ricci@gmail.com,2025-03-23,VIP,45.0
Stefano,Ricci,s.ricci@gmail.com,2025-03-23,VIP,45.0
Stefano,Ricci,s.ricci@gmail.com,2025-04-06,Tribuna,20.0
Stefano,Ricci,s.ricci@gmail.com,2025-04-06,Tribuna,20.0
Stefano,Ricci,s.ricci@gmail.com,2025-05-04,Tribuna,20.0
Stefano,Ricci,s.ricci@gmail.com,2025-05-04,Tribuna,20.0
Stefano,Ricci,s.ricci@gmail.com,2025-05-04,Tribuna,20.0
Stefano,Ricci,s.ricci@gmail.com,2025-05-18,Tribuna,20.0
Stefano,Ricci,s.ricci@gmail.com,2025-05-18,Tribuna,20.0
Matteo,Mancini,m.mancini@libero.it,2024-09-01,Tribuna,20.0
Matteo,Mancini,m.mancini@libero.it,2024-09-01,Tribuna,20.0
Matteo,Mancini,m.mancini@libero.it,2024-09-15,Tribuna,20.0
Matteo,Mancini,m.mancini@libero.it,2024-09-29,VIP,45.0
Matteo,Mancini,m.mancini@libero.it,2024-10-13,VIP,45.0
Matteo,Mancini,m.mancini@libero.it,2024-10-13,VIP,45.0
Matteo,Mancini,m.mancini@libero.it,2024-10-13,VIP,45.0
Matteo,Mancini,m.mancini@libero.it,2024-10-13,VIP,45.0
Matteo,Mancini,m.mancini@libero.it,2024-10-27,Tribuna,20.0
Matteo,Mancini,m.mancini@libero.it,2024-10-27,Tribuna,20.0
Matteo,Mancini,m.mancini@libero.it,2024-11-10,Tribuna,20.0
Matteo,Mancini,m.mancini@libero.it,2024-12-08,VIP,45.0
Matteo,Mancini,m.mancini@libero.it,2024-12-08,VIP,45.0
Matteo,Mancini,m.mancini@libero.it,2024-12-22,Tribuna,20.0
Matteo,Mancini,m.mancini@libero.it,2025-01-12,Tribuna,20.0
Matteo,Mancini,m.mancini@libero.it,2025-01-12,Tribuna,20.0
Matteo,Mancini,m.mancini@libero.it,2025-02-09,Tribuna,20.0
Matteo,Mancini,m.mancini@libero.it,2025-02-23,Tribuna,20.0
Matteo,Mancini,m.mancini@libero.it,2025-02-23,Tribuna,20.0
Matteo,Mancini,m.mancini@libero.it,2025-02-23,Tribuna,20.0
Matteo,Mancini,m.mancini@libero.it,2025-03-09,VIP,45.0
Matteo,Mancini,m.mancini@libero.it,2025-03-23,VIP,45.0
Matteo,Mancini,m.mancini@libero.it,2025-03-23,VIP,45.0
Matteo,Mancini,m.mancini@libero.it,2025-04-06,Tribuna,20.0
Matteo,Mancini,m.mancini@libero.it,2025-04-06,Tribuna,20.0
Matteo,Mancini,m.mancini@libero.it,2025-04-20,Tribuna,20.0
Matteo,Mancini,m.mancini@libero.it,2025-04-20,Tribuna,20.0
Matteo,Mancini,m.mancini@libero.it,2025-04-20,Tribuna,20.0
Federica,Moretti,f.moretti@gmail.com,2024-09-01,Tribuna,20.0
Federica,Moretti,f.moretti@gmail.com,2024-09-15,Tribuna,20.0
Federica,Moretti,f.moretti@gmail.com,2024-09-15,Tribuna,20.0
Federica,Moretti,f.moretti@gmail.com,2024-11-10,Tribuna,20.0
Federica,Moretti,f.moretti@gmail.com,2024-11-10,Tribuna,20.0
Federica,Moretti,f.moretti@gmail.com,2024-11-24,Tribuna,20.0
Federica,Moretti,f.moretti@gmail.com,2024-11-24,Tribuna,20.0
Federica,Moretti,f.moretti@gmail.com,2024-11-24,Tribuna,20.0
Federica,Moretti,f.moretti@gmail.com,2024-11-24,Tribuna,20.0
Federica,Moretti,f.moretti@gmail.com,2024-12-08,Tribuna,20.0
Federica,Moretti,f.moretti@gmail.com,2024-12-08,Tribuna,20.0
Federica,Moretti,f.moretti@gmail.com,2024-12-08,Tribuna,20.0
Federica,Moretti,f.moretti@gmail.com,2024-12-22,Tribuna,20.0
Federica,Moretti,f.moretti@gmail.com,2024-12-22,Tribuna,20.0
Federica,Moretti,f.moretti@gmail.com,2024-12-22,Tribuna,20.0
Federica,Moretti,f.moretti@gmail.com,2024-12-22,Tribuna,20.0
Federica,Moretti,f.moretti@gmail.com,2025-01-12,Tribuna,20.0
Federica,Moretti,f.moretti@gmail.com,2025-01-12,Tribuna,20.0
Federica,Moretti,f.moretti@gmail.com,2025-01-26,Tribuna,20.0
Federica,Moretti,f.moretti@gmail.com,2025-01-26,Tribuna,20.0
Federica,Moretti,f.moretti@gmail.com,2025-02-09,VIP,45.0
Federica,Moretti,f.moretti@gmail.com,2025-02-09,VIP,45.0
Federica,Moretti,f.moretti@gmail.com,2025-02-09,VIP,45.0
Federica,Moretti,f.moretti@gmail.com,2025-02-23,VIP,45.0
Federica,Moretti,f.moretti@gmail.com,2025-03-23,VIP,45.0
Federica,Moretti,f.moretti@gmail.com,2025-03-23,VIP,45.0
Federica,Moretti,f.moretti@gmail.com,2025-03-23,VIP,45.0
Federica,Moretti,f.moretti@gmail.com,2025-03-23,VIP,45.0
Federica,Moretti,f.moretti@gmail.com,2025-04-06,VIP,45.0
Federica,Moretti,f.moretti@gmail.com,2025-04-06,VIP,45.0
Federica,Moretti,f.moretti@gmail.com,2025-05-04,Tribuna,20.0
Federica,Moretti,f.moretti@gmail.com,2025-05-18,Tribuna,20.0
Daniela,Gatti,d.gatti@libero.it,2024-09-01,Tribuna,20.0
Daniela,Gatti,d.gatti@libero.it,2024-09-15,VIP,45.0
Daniela,Gatti,d.gatti@libero.it,2024-09-15,VIP,45.0
Daniela,Gatti,d.gatti@libero.it,2024-09-29,Tribuna,20.0
Daniela,Gatti,d.gatti@libero.it,2024-09-29,Tribuna,20.0
Daniela,Gatti,d.gatti@libero.it,2024-10-13,VIP,45.0
Daniela,Gatti,d.gatti@libero.it,2024-10-13,VIP,45.0
Daniela,Gatti,d.gatti@libero.it,2024-11-24,Tribuna,20.0
Daniela,Gatti,d.gatti@libero.it,2024-12-08,VIP,45.0
Daniela,Gatti,d.gatti@libero.it,2024-12-08,VIP,45.0
Daniela,Gatti,d.gatti@libero.it,2024-12-08,VIP,45.0
Daniela,Gatti,d.gatti@libero.it,2024-12-08,VIP,45.0
Daniela,Gatti,d.gatti@libero.it,2024-12-22,Tribuna,20.0
Daniela,Gatti,d.gatti@libero.it,2024-12-22,Tribuna,20.0
Daniela,Gatti,d.gatti@libero.it,2025-01-12,Tribuna,20.0
Daniela,Gatti,d.gatti@libero.it,2025-01-12,Tribuna,20.0
Daniela,Gatti,d.gatti@libero.it,2025-01-26,Tribuna,20.0
Daniela,Gatti,d.gatti@libero.it,2025-01-26,Tribuna,20.0
Daniela,Gatti,d.gatti@libero.it,2025-02-09,VIP,45.0
Daniela,Gatti,d.gatti@libero.it,2025-03-09,Tribuna,20.0
Daniela,Gatti,d.gatti@libero.it,2025-03-09,Tribuna,20.0
Daniela,Gatti,d.gatti@libero.it,2025-03-09,Tribuna,20.0
Daniela,Gatti,d.gatti@libero.it,2025-03-23,VIP,45.0
Daniela,Gatti,d.gatti@libero.it,2025-03-23,VIP,45.0
Daniela,Gatti,d.gatti@libero.it,2025-04-06,VIP,45.0
Daniela,Gatti,d.gatti@libero.it,2025-04-06,VIP,45.0
Daniela,Gatti,d.gatti@libero.it,2025-04-20,Tribuna,20.0
Daniela,Gatti,d.gatti@libero.it,2025-05-04,Tribuna,20.0
Daniela,Gatti,d.gatti@libero.it,2025-05-04,Tribuna,20.0
Daniela,Gatti,d.gatti@libero.it,2025-05-18,Tribuna,20.0
Daniela,Gatti,d.gatti@libero.it,2025-05-18,Tribuna,20.0
Daniela,Gatti,d.gatti@libero.it,2025-05-18,Tribuna,20.0
Davide,Pellegrini,d.pellegrini@libero.it,2024-09-01,Tribuna,20.0
Davide,Pellegrini,d.pellegrini@libero.it,2024-09-01,Tribuna,20.0
Davide,Pellegrini,d.pellegrini@libero.it,2024-09-15,Tribuna,20.0
Davide,Pellegrini,d.pellegrini@libero.it,2024-09-15,Tribuna,20.0
Davide,Pellegrini,d.pellegrini@libero.it,2024-09-15,Tribuna,20.0
Davide,Pellegrini,d.pellegrini@libero.it,2024-09-29,Tribuna,20.0
Davide,Pellegrini,d.pellegrini@libero.it,2024-11-10,Tribuna,20.0
Davide,Pellegrini,d.pellegrini@libero.it,2024-11-10,Tribuna,20.0
Davide,Pellegrini,d.pellegrini@libero.it,2024-12-08,VIP,45.0
Davide,Pellegrini,d.pellegrini@libero.it,2024-12-22,VIP,45.0
Davide,Pellegrini,d.pellegrini@libero.it,2024-12-22,VIP,45.0
Davide,Pellegrini,d.pellegrini@libero.it,2025-01-12,Tribuna,20.0
Davide,Pellegrini,d.pellegrini@libero.it,2025-01-12,Tribuna,20.0
Davide,Pellegrini,d.pellegrini@libero.it,2025-01-26,VIP,45.0
Davide,Pellegrini,d.pellegrini@libero.it,2025-01-26,VIP,45.0
Davide,Pellegrini,d.pellegrini@libero.it,2025-02-09,VIP,45.0
Davide,Pellegrini,d.pellegrini@libero.it,2025-02-09,VIP,45.0
Davide,Pellegrini,d.pellegrini@libero.it,2025-02-23,Tribuna,20.0
Davide,Pellegrini,d.pellegrini@libero.it,2025-03-23,VIP,45.0
Davide,Pellegrini,d.pellegrini@libero.it,2025-03-23,VIP,45.0
Davide,Pellegrini,d.pellegrini@libero.it,2025-04-06,VIP,45.0
Davide,Pellegrini,d.pellegrini@libero.it,2025-04-06,VIP,45.0
Davide,Pellegrini,d.pellegrini@libero.it,2025-04-20,Tribuna,20.0
Davide,Pellegrini,d.pellegrini@libero.it,2025-05-04,Tribuna,20.0
Davide,Pellegrini,d.pellegrini@libero.it,2025-05-04,Tribuna,20.0
Stefano,Russo,s.russo@email.it,2024-09-01,VIP,45.0
Stefano,Russo,s.russo@email.it,2024-09-01,VIP,45.0
Stefano,Russo,s.russo@email.it,2024-09-29,Tribuna,20.0
Stefano,Russo,s.russo@email.it,2024-09-29,Tribuna,20.0
Stefano,Russo,s.russo@email.it,2024-09-29,Tribuna,20.0
Stefano,Russo,s.russo@email.it,2024-10-13,Tribuna,20.0
Stefano,Russo,s.russo@email.it,2024-10-13,Tribuna,20.0
Stefano,Russo,s.russo@email.it,2024-10-27,Tribuna,20.0
Stefano,Russo,s.russo@email.it,2024-10-27,Tribuna,20.0
Stefano,Russo,s.russo@email.it,2024-11-24,VIP,45.0
Stefano,Russo,s.russo@email.it,2024-11-24,VIP,45.0
Stefano,Russo,s.russo@email.it,2024-12-08,Tribuna,20.0
Stefano,Russo,s.russo@email.it,2024-12-08,Tribuna,20.0
Stefano,Russo,s.russo@email.it,2025-01-12,VIP,45.0
Stefano,Russo,s.russo@email.it,2025-02-09,Tribuna,20.0
Stefano,Russo,s.russo@email.it,2025-02-23,VIP,45.0
Stefano,Russo,s.russo@email.it,2025-02-23,VIP,45.0
Stefano,Russo,s.russo@email.it,2025-02-23,VIP,45.0
Stefano,Russo,s.russo@email.it,2025-03-09,Tribuna,20.0
Stefano,Russo,s.russo@email.it,2025-03-09,Tribuna,20.0
Stefano,Russo,s.russo@email.it,2025-03-09,Tribuna,20.0
Stefano,Russo,s.russo@email.it,2025-03-23,VIP,45.0
Stefano,Russo,s.russo@email.it,2025-03-23,VIP,45.0
Stefano,Russo,s.russo@email.it,2025-03-23,VIP,45.0
Stefano,Russo,s.russo@email.it,2025-04-06,Tribuna,20.0
Stefano,Russo,s.russo@email.it,2025-04-06,Tribuna,20.0
Stefano,Russo,s.russo@email.it,2025-04-06,Tribuna,20.0
Stefano,Russo,s.russo@email.it,2025-04-06,Tribuna,20.0
Stefano,Russo,s.russo@email.it,2025-04-20,VIP,45.0
Stefano,Russo,s.russo@email.it,2025-05-04,Tribuna,20.0
Stefano,Russo,s.russo@email.it,2025-05-04,Tribuna,20.0
Stefano,Russo,s.russo@email.it,2025-05-18,Tribuna,20.0
Alessandro,Ferretti,a.ferretti@libero.it,2024-09-01,VIP,45.0
Alessandro,Ferretti,a.ferretti@libero.it,2024-09-01,VIP,45.0
Alessandro,Ferretti,a.ferretti@libero.it,2024-09-15,VIP,45.0
Alessandro,Ferretti,a.ferretti@libero.it,2024-09-15,VIP,45.0
Alessandro,Ferretti,a.ferretti@libero.it,2024-09-15,VIP,45.0
Alessandro,Ferretti,a.ferretti@libero.it,2024-09-29,VIP,45.0
Alessandro,Ferretti,a.ferretti@libero.it,2024-09-29,VIP,45.0
Alessandro,Ferretti,a.ferretti@libero.it,2024-10-13,VIP,45.0
Alessandro,Ferretti,a.ferretti@libero.it,2024-10-13,VIP,45.0
Alessandro,Ferretti,a.ferretti@libero.it,2024-10-13,VIP,45.0
Alessandro,Ferretti,a.ferretti@libero.it,2024-10-13,VIP,45.0
Alessandro,Ferretti,a.ferretti@libero.it,2024-10-27,Tribuna,20.0
Alessandro,Ferretti,a.ferretti@libero.it,2024-10-27,Tribuna,20.0
Alessandro,Ferretti,a.ferretti@libero.it,2024-11-24,VIP,45.0
Alessandro,Ferretti,a.ferretti@libero.it,2024-12-08,VIP,45.0
Alessandro,Ferretti,a.ferretti@libero.it,2024-12-22,VIP,45.0
Alessandro,Ferretti,a.ferretti@libero.it,2025-01-12,VIP,45.0
Alessandro,Ferretti,a.ferretti@libero.it,2025-01-12,VIP,45.0
Alessandro,Ferretti,a.ferretti@libero.it,2025-01-26,Tribuna,20.0
Alessandro,Ferretti,a.ferretti@libero.it,2025-01-26,Tribuna,20.0
Alessandro,Ferretti,a.ferretti@libero.it,2025-02-09,VIP,45.0
Alessandro,Ferretti,a.ferretti@libero.it,2025-02-23,Tribuna,20.0
Alessandro,Ferretti,a.ferretti@libero.it,2025-02-23,Tribuna,20.0
Alessandro,Ferretti,a.ferretti@libero.it,2025-03-09,Tribuna,20.0
Alessandro,Ferretti,a.ferretti@libero.it,2025-03-23,Tribuna,20.0
Alessandro,Ferretti,a.ferretti@libero.it,2025-03-23,Tribuna,20.0
Alessandro,Ferretti,a.ferretti@libero.it,2025-03-23,Tribuna,20.0
Alessandro,Ferretti,a.ferretti@libero.it,2025-04-06,Tribuna,20.0
Alessandro,Ferretti,a.ferretti@libero.it,2025-05-04,Tribuna,20.0
Alessandro,Ferretti,a.ferretti@libero.it,2025-05-18,Tribuna,20.0
Alessandro,Ferretti,a.ferretti@libero.it,2025-05-18,Tribuna,20.0
Francesca,Moretti,f.moretti@email.it,2024-09-01,VIP,45.0
Francesca,Moretti,f.moretti@email.it,2024-09-01,VIP,45.0
Francesca,Moretti,f.moretti@email.it,2024-09-01,VIP,45.0
Francesca,Moretti,f.moretti@email.it,2024-09-01,VIP,45.0
Francesca,Moretti,f.moretti@email.it,2024-09-15,VIP,45.0
Francesca,Moretti,f.moretti@email.it,2024-09-15,VIP,45.0
Francesca,Moretti,f.moretti@email.it,2024-09-29,Tribuna,20.0
Francesca,Moretti,f.moretti@email.it,2024-09-29,Tribuna,20.0
Francesca,Moretti,f.moretti@email.it,2024-09-29,Tribuna,20.0
Francesca,Moretti,f.moretti@email.it,2024-10-13,VIP,45.0
Francesca,Moretti,f.moretti@email.it,2024-10-27,Tribuna,20.0
Francesca,Moretti,f.moretti@email.it,2024-10-27,Tribuna,20.0
Francesca,Moretti,f.moretti@email.it,2024-11-10,Tribuna,20.0
Francesca,Moretti,f.moretti@email.it,2024-11-10,Tribuna,20.0
Francesca,Moretti,f.moretti@email.it,2024-11-24,VIP,45.0
Francesca,Moretti,f.moretti@email.it,2024-11-24,VIP,45.0
Francesca,Moretti,f.moretti@email.it,2024-12-08,Tribuna,20.0
Francesca,Moretti,f.moretti@email.it,2024-12-08,Tribuna,20.0
Francesca,Moretti,f.moretti@email.it,2025-01-12,VIP,45.0
Francesca,Moretti,f.moretti@email.it,2025-02-09,VIP,45.0
Francesca,Moretti,f.moretti@email.it,2025-02-09,VIP,45.0
Francesca,Moretti,f.moretti@email.it,2025-02-09,VIP,45.0
Francesca,Moretti,f.moretti@email.it,2025-02-23,VIP,45.0
Francesca,Moretti,f.moretti@email.it,2025-03-09,Tribuna,20.0
Francesca,Moretti,f.moretti@email.it,2025-03-09,Tribuna,20.0
Francesca,Moretti,f.moretti@email.it,2025-03-23,Tribuna,20.0
Francesca,Moretti,f.moretti@email.it,2025-04-06,VIP,45.0
Francesca,Moretti,f.moretti@email.it,2025-04-06,VIP,45.0
Francesca,Moretti,f.moretti@email.it,2025-04-06,VIP,45.0
Francesca,Moretti,f.moretti@email.it,2025-04-06,VIP,45.0
Francesca,Moretti,f.moretti@email.it,2025-05-04,VIP,45.0
Francesca,Moretti,f.moretti@email.it,2025-05-04,VIP,45.0
Francesca,Moretti,f.moretti@email.it,2025-05-18,Tribuna,20.0
Francesca,Moretti,f.moretti@email.it,2025-05-18,Tribuna,20.0
Stefano,Poli,s.poli@email.it,2024-09-01,VIP,45.0
Stefano,Poli,s.poli@email.it,2024-09-15,VIP,45.0
Stefano,Poli,s.poli@email.it,2024-09-29,Tribuna,20.0
Stefano,Poli,s.poli@email.it,2024-09-29,Tribuna,20.0
Stefano,Poli,s.poli@email.it,2024-10-13,Tribuna,20.0
Stefano,Poli,s.poli@email.it,2024-10-13,Tribuna,20.0
Stefano,Poli,s.poli@email.it,2024-10-13,Tribuna,20.0
Stefano,Poli,s.poli@email.it,2024-10-13,Tribuna,20.0
Stefano,Poli,s.poli@email.it,2024-10-27,Tribuna,20.0
Stefano,Poli,s.poli@email.it,2024-10-27,Tribuna,20.0
Stefano,Poli,s.poli@email.it,2024-10-27,Tribuna,20.0
Stefano,Poli,s.poli@email.it,2024-10-27,Tribuna,20.0
Stefano,Poli,s.poli@email.it,2024-11-10,Tribuna,20.0
Stefano,Poli,s.poli@email.it,2024-11-24,VIP,45.0
Stefano,Poli,s.poli@email.it,2024-12-08,VIP,45.0
Stefano,Poli,s.poli@email.it,2024-12-08,VIP,45.0
Stefano,Poli,s.poli@email.it,2024-12-22,Tribuna,20.0
Stefano,Poli,s.poli@email.it,2024-12-22,Tribuna,20.0
Stefano,Poli,s.poli@email.it,2024-12-22,Tribuna,20.0
Stefano,Poli,s.poli@email.it,2025-01-12,Tribuna,20.0
Stefano,Poli,s.poli@email.it,2025-01-12,Tribuna,20.0
Stefano,Poli,s.poli@email.it,2025-01-12,Tribuna,20.0
Stefano,Poli,s.poli@email.it,2025-01-12,Tribuna,20.0
Stefano,Poli,s.poli@email.it,2025-01-26,VIP,45.0
Stefano,Poli,s.poli@email.it,2025-01-26,VIP,45.0
Stefano,Poli,s.poli@email.it,2025-02-09,Tribuna,20.0
Stefano,Poli,s.poli@email.it,2025-02-09,Tribuna,20.0
Stefano,Poli,s.poli@email.it,2025-02-23,VIP,45.0
Stefano,Poli,s.poli@email.it,2025-02-23,VIP,45.0
Stefano,Poli,s.poli@email.it,2025-03-09,Tribuna,20.0
Stefano,Poli,s.poli@email.it,2025-03-09,Tribuna,20.0
Stefano,Poli,s.poli@email.it,2025-03-09,Tribuna,20.0
Stefano,Poli,s.poli@email.it,2025-03-23,Tribuna,20.0
Stefano,Poli,s.poli@email.it,2025-03-23,Tribuna,20.0
Stefano,Poli,s.poli@email.it,2025-04-06,Tribuna,20.0
Stefano,Poli,s.poli@email.it,2025-04-20,VIP,45.0
Stefano,Poli,s.poli@email.it,2025-05-18,VIP,45.0
Stefano,Poli,s.poli@email.it,2025-05-18,VIP,45.0
Stefano,Poli,s.poli@email.it,2025-05-18,VIP,45.0
Stefano,Poli,s.poli@email.it,2025-05-18,VIP,45.0
Monica,Esposito,m.esposito@gmail.com,2024-09-01,Tribuna,20.0
Monica,Esposito,m.esposito@gmail.com,2024-09-15,VIP,45.0
Monica,Esposito,m.esposito@gmail.com,2024-09-15,VIP,45.0
Monica,Esposito,m.esposito@gmail.com,2024-09-15,VIP,45.0
Monica,Esposito,m.esposito@gmail.com,2024-09-29,Tribuna,20.0
Monica,Esposito,m.esposito@gmail.com,2024-09-29,Tribuna,20.0
Monica,Esposito,m.esposito@gmail.com,2024-09-29,Tribuna,20.0
Monica,Esposito,m.esposito@gmail.com,2024-10-13,Tribuna,20.0
Monica,Esposito,m.esposito@gmail.com,2024-10-13,Tribuna,20.0
Monica,Esposito,m.esposito@gmail.com,2024-10-13,Tribuna,20.0
Monica,Esposito,m.esposito@gmail.com,2024-11-10,Tribuna,20.0
Monica,Esposito,m.esposito@gmail.com,2024-11-10,Tribuna,20.0
Monica,Esposito,m.esposito@gmail.com,2024-11-10,Tribuna,20.0
Monica,Esposito,m.esposito@gmail.com,2024-11-10,Tribuna,20.0
Monica,Esposito,m.esposito@gmail.com,2024-11-24,Tribuna,20.0
Monica,Esposito,m.esposito@gmail.com,2024-11-24,Tribuna,20.0
Monica,Esposito,m.esposito@gmail.com,2024-12-08,VIP,45.0
Monica,Esposito,m.esposito@gmail.com,2024-12-08,VIP,45.0
Monica,Esposito,m.esposito@gmail.com,2024-12-08,VIP,45.0
Monica,Esposito,m.esposito@gmail.com,2024-12-22,Tribuna,20.0
Monica,Esposito,m.esposito@gmail.com,2025-01-12,Tribuna,20.0
Monica,Esposito,m.esposito@gmail.com,2025-01-12,Tribuna,20.0
Monica,Esposito,m.esposito@gmail.com,2025-01-26,Tribuna,20.0
Monica,Esposito,m.esposito@gmail.com,2025-01-26,Tribuna,20.0
Monica,Esposito,m.esposito@gmail.com,2025-01-26,Tribuna,20.0
Monica,Esposito,m.esposito@gmail.com,2025-01-26,Tribuna,20.0
Monica,Esposito,m.esposito@gmail.com,2025-02-09,VIP,45.0
Monica,Esposito,m.esposito@gmail.com,2025-02-09,VIP,45.0
Monica,Esposito,m.esposito@gmail.com,2025-04-06,Tribuna,20.0
Monica,Esposito,m.esposito@gmail.com,2025-04-06,Tribuna,20.0
Monica,Esposito,m.esposito@gmail.com,2025-04-20,Tribuna,20.0
Monica,Esposito,m.esposito@gmail.com,2025-05-18,Tribuna,20.0
Stefano,Bianchi,s.bianchi@gmail.com,2024-09-01,Tribuna,20.0
Stefano,Bianchi,s.bianchi@gmail.com,2024-09-15,Curva,12.0
Stefano,Bianchi,s.bianchi@gmail.com,2024-10-27,Curva,12.0
Stefano,Bianchi,s.bianchi@gmail.com,2024-11-10,Tribuna,20.0
Stefano,Bianchi,s.bianchi@gmail.com,2024-11-10,Tribuna,20.0
Stefano,Bianchi,s.bianchi@gmail.com,2024-11-24,Distinti,15.0
Stefano,Bianchi,s.bianchi@gmail.com,2024-11-24,Distinti,15.0
Stefano,Bianchi,s.bianchi@gmail.com,2025-01-12,Distinti,15.0
Stefano,Bianchi,s.bianchi@gmail.com,2025-01-12,Distinti,15.0
Stefano,Bianchi,s.bianchi@gmail.com,2025-01-12,Distinti,15.0
Stefano,Bianchi,s.bianchi@gmail.com,2025-01-26,Tribuna,20.0
Stefano,Bianchi,s.bianchi@gmail.com,2025-01-26,Tribuna,20.0
Stefano,Bianchi,s.bianchi@gmail.com,2025-03-09,Distinti,15.0
Stefano,Bianchi,s.bianchi@gmail.com,2025-03-09,Distinti,15.0
Stefano,Bianchi,s.bianchi@gmail.com,2025-03-23,Tribuna,20.0
Stefano,Bianchi,s.bianchi@gmail.com,2025-04-20,Tribuna,20.0
Stefano,Bianchi,s.bianchi@gmail.com,2025-04-20,Tribuna,20.0
Stefano,Bianchi,s.bianchi@gmail.com,2025-04-20,Tribuna,20.0
Stefano,Bianchi,s.bianchi@gmail.com,2025-05-04,Tribuna,20.0
Stefano,Bianchi,s.bianchi@gmail.com,2025-05-04,Tribuna,20.0
Stefano,Bianchi,s.bianchi@gmail.com,2025-05-18,Tribuna,20.0
Stefano,Bianchi,s.bianchi@gmail.com,2025-05-18,Tribuna,20.0
Roberta,Costa,r.costa@email.it,2024-09-01,Tribuna,20.0
Roberta,Costa,r.costa@email.it,2024-09-15,Tribuna,20.0
Roberta,Costa,r.costa@email.it,2024-09-29,Curva,12.0
Roberta,Costa,r.costa@email.it,2024-09-29,Curva,12.0
Roberta,Costa,r.costa@email.it,2024-10-13,Curva,12.0
Roberta,Costa,r.costa@email.it,2024-10-27,Curva,12.0
Roberta,Costa,r.costa@email.it,2024-10-27,Curva,12.0
Roberta,Costa,r.costa@email.it,2024-10-27,Curva,12.0
Roberta,Costa,r.costa@email.it,2024-11-24,Tribuna,20.0
Roberta,Costa,r.costa@email.it,2025-01-12,Tribuna,20.0
Roberta,Costa,r.costa@email.it,2025-01-12,Tribuna,20.0
Roberta,Costa,r.costa@email.it,2025-02-09,Distinti,15.0
Roberta,Costa,r.costa@email.it,2025-02-09,Distinti,15.0
Roberta,Costa,r.costa@email.it,2025-05-04,Tribuna,20.0
Davide,Sartori,d.sartori@hotmail.it,2024-09-01,Tribuna,20.0
Davide,Sartori,d.sartori@hotmail.it,2024-09-15,Tribuna,20.0
Davide,Sartori,d.sartori@hotmail.it,2024-09-15,Tribuna,20.0
Davide,Sartori,d.sartori@hotmail.it,2024-09-29,Tribuna,20.0
Davide,Sartori,d.sartori@hotmail.it,2024-09-29,Tribuna,20.0
Davide,Sartori,d.sartori@hotmail.it,2024-10-13,Tribuna,20.0
Davide,Sartori,d.sartori@hotmail.it,2024-10-13,Tribuna,20.0
Davide,Sartori,d.sartori@hotmail.it,2024-10-27,Curva,12.0
Davide,Sartori,d.sartori@hotmail.it,2024-10-27,Curva,12.0
Davide,Sartori,d.sartori@hotmail.it,2024-11-24,Curva,12.0
Davide,Sartori,d.sartori@hotmail.it,2024-12-22,Curva,12.0
Davide,Sartori,d.sartori@hotmail.it,2024-12-22,Curva,12.0
Davide,Sartori,d.sartori@hotmail.it,2025-01-12,Tribuna,20.0
Davide,Sartori,d.sartori@hotmail.it,2025-01-12,Tribuna,20.0
Davide,Sartori,d.sartori@hotmail.it,2025-01-26,Distinti,15.0
Davide,Sartori,d.sartori@hotmail.it,2025-02-09,Tribuna,20.0
Davide,Sartori,d.sartori@hotmail.it,2025-03-23,Tribuna,20.0
Davide,Sartori,d.sartori@hotmail.it,2025-03-23,Tribuna,20.0
Davide,Sartori,d.sartori@hotmail.it,2025-03-23,Tribuna,20.0
Davide,Sartori,d.sartori@hotmail.it,2025-04-20,Distinti,15.0
Davide,Sartori,d.sartori@hotmail.it,2025-04-20,Distinti,15.0
Davide,Sartori,d.sartori@hotmail.it,2025-04-20,Distinti,15.0
Davide,Sartori,d.sartori@hotmail.it,2025-05-04,Distinti,15.0
Davide,Sartori,d.sartori@hotmail.it,2025-05-04,Distinti,15.0
Anna,Gatti,a.gatti@hotmail.it,2024-09-01,Distinti,15.0
Anna,Gatti,a.gatti@hotmail.it,2024-09-01,Distinti,15.0
Anna,Gatti,a.gatti@hotmail.it,2024-09-15,Tribuna,20.0
Anna,Gatti,a.gatti@hotmail.it,2024-09-29,Tribuna,20.0
Anna,Gatti,a.gatti@hotmail.it,2024-09-29,Tribuna,20.0
Anna,Gatti,a.gatti@hotmail.it,2024-10-13,Curva,12.0
Anna,Gatti,a.gatti@hotmail.it,2024-10-13,Curva,12.0
Anna,Gatti,a.gatti@hotmail.it,2024-10-27,Tribuna,20.0
Anna,Gatti,a.gatti@hotmail.it,2024-11-10,Curva,12.0
Anna,Gatti,a.gatti@hotmail.it,2024-11-24,Tribuna,20.0
Anna,Gatti,a.gatti@hotmail.it,2024-12-08,Distinti,15.0
Anna,Gatti,a.gatti@hotmail.it,2024-12-08,Distinti,15.0
Anna,Gatti,a.gatti@hotmail.it,2024-12-22,Curva,12.0
Anna,Gatti,a.gatti@hotmail.it,2025-01-12,Distinti,15.0
Anna,Gatti,a.gatti@hotmail.it,2025-01-12,Distinti,15.0
Anna,Gatti,a.gatti@hotmail.it,2025-01-12,Distinti,15.0
Anna,Gatti,a.gatti@hotmail.it,2025-01-26,Distinti,15.0
Anna,Gatti,a.gatti@hotmail.it,2025-02-23,Tribuna,20.0
Anna,Gatti,a.gatti@hotmail.it,2025-02-23,Tribuna,20.0
Anna,Gatti,a.gatti@hotmail.it,2025-02-23,Tribuna,20.0
Anna,Gatti,a.gatti@hotmail.it,2025-03-09,Distinti,15.0
Anna,Gatti,a.gatti@hotmail.it,2025-03-23,Curva,12.0
Anna,Gatti,a.gatti@hotmail.it,2025-04-20,Distinti,15.0
Anna,Gatti,a.gatti@hotmail.it,2025-04-20,Distinti,15.0
Anna,Gatti,a.gatti@hotmail.it,2025-05-18,Tribuna,20.0
Anna,Gatti,a.gatti@hotmail.it,2025-05-18,Tribuna,20.0
Nicola,Rizzo,n.rizzo@gmail.com,2024-09-15,Tribuna,20.0
Nicola,Rizzo,n.rizzo@gmail.com,2024-09-15,Tribuna,20.0
Nicola,Rizzo,n.rizzo@gmail.com,2024-09-29,Curva,12.0
Nicola,Rizzo,n.rizzo@gmail.com,2024-09-29,Curva,12.0
Nicola,Rizzo,n.rizzo@gmail.com,2024-10-13,Distinti,15.0
Nicola,Rizzo,n.rizzo@gmail.com,2024-10-27,Tribuna,20.0
Nicola,Rizzo,n.rizzo@gmail.com,2024-10-27,Tribuna,20.0
Nicola,Rizzo,n.rizzo@gmail.com,2024-11-10,Curva,12.0
Nicola,Rizzo,n.rizzo@gmail.com,2024-11-24,Curva,12.0
Nicola,Rizzo,n.rizzo@gmail.com,2024-12-08,Tribuna,20.0
Nicola,Rizzo,n.rizzo@gmail.com,2025-01-12,Tribuna,20.0
Nicola,Rizzo,n.rizzo@gmail.com,2025-01-12,Tribuna,20.0
Nicola,Rizzo,n.rizzo@gmail.com,2025-01-12,Tribuna,20.0
Nicola,Rizzo,n.rizzo@gmail.com,2025-02-09,Distinti,15.0
Nicola,Rizzo,n.rizzo@gmail.com,2025-02-09,Distinti,15.0
Nicola,Rizzo,n.rizzo@gmail.com,2025-02-09,Distinti,15.0
Nicola,Rizzo,n.rizzo@gmail.com,2025-03-09,Tribuna,20.0
Nicola,Rizzo,n.rizzo@gmail.com,2025-03-23,Tribuna,20.0
Nicola,Rizzo,n.rizzo@gmail.com,2025-03-23,Tribuna,20.0
Nicola,Rizzo,n.rizzo@gmail.com,2025-05-04,Distinti,15.0
Francesco,Marchetti,f.marchetti@email.it,2024-09-01,Tribuna,20.0
Francesco,Marchetti,f.marchetti@email.it,2024-09-01,Tribuna,20.0
Francesco,Marchetti,f.marchetti@email.it,2024-09-29,Distinti,15.0
Francesco,Marchetti,f.marchetti@email.it,2024-10-13,Tribuna,20.0
Francesco,Marchetti,f.marchetti@email.it,2024-11-10,Curva,12.0
Francesco,Marchetti,f.marchetti@email.it,2024-11-10,Curva,12.0
Francesco,Marchetti,f.marchetti@email.it,2024-11-10,Curva,12.0
Francesco,Marchetti,f.marchetti@email.it,2024-11-24,Tribuna,20.0
Francesco,Marchetti,f.marchetti@email.it,2024-12-22,Distinti,15.0
Francesco,Marchetti,f.marchetti@email.it,2025-01-26,Tribuna,20.0
Francesco,Marchetti,f.marchetti@email.it,2025-02-09,Tribuna,20.0
Francesco,Marchetti,f.marchetti@email.it,2025-02-09,Tribuna,20.0
Francesco,Marchetti,f.marchetti@email.it,2025-02-23,Distinti,15.0
Francesco,Marchetti,f.marchetti@email.it,2025-03-09,Distinti,15.0
Francesco,Marchetti,f.marchetti@email.it,2025-03-09,Distinti,15.0
Francesco,Marchetti,f.marchetti@email.it,2025-03-09,Distinti,15.0
Francesco,Marchetti,f.marchetti@email.it,2025-03-23,Distinti,15.0
Francesco,Marchetti,f.marchetti@email.it,2025-03-23,Distinti,15.0
Francesco,Marchetti,f.marchetti@email.it,2025-04-06,Tribuna,20.0
Francesco,Marchetti,f.marchetti@email.it,2025-04-06,Tribuna,20.0
Francesco,Marchetti,f.marchetti@email.it,2025-04-20,Tribuna,20.0
Francesco,Marchetti,f.marchetti@email.it,2025-04-20,Tribuna,20.0
Gianluca,Russo,g.russo@hotmail.it,2024-09-15,Tribuna,20.0
Gianluca,Russo,g.russo@hotmail.it,2024-09-15,Tribuna,20.0
Gianluca,Russo,g.russo@hotmail.it,2024-10-13,Curva,12.0
Gianluca,Russo,g.russo@hotmail.it,2024-10-27,Distinti,15.0
Gianluca,Russo,g.russo@hotmail.it,2024-11-24,Curva,12.0
Gianluca,Russo,g.russo@hotmail.it,2024-11-24,Curva,12.0
Gianluca,Russo,g.russo@hotmail.it,2024-12-08,Tribuna,20.0
Gianluca,Russo,g.russo@hotmail.it,2024-12-08,Tribuna,20.0
Gianluca,Russo,g.russo@hotmail.it,2024-12-22,Distinti,15.0
Gianluca,Russo,g.russo@hotmail.it,2025-01-12,Distinti,15.0
Gianluca,Russo,g.russo@hotmail.it,2025-01-12,Distinti,15.0
Gianluca,Russo,g.russo@hotmail.it,2025-03-09,Curva,12.0
Gianluca,Russo,g.russo@hotmail.it,2025-03-23,Tribuna,20.0
Gianluca,Russo,g.russo@hotmail.it,2025-04-06,Curva,12.0
Giulia,Ferretti,g.ferretti@hotmail.it,2024-09-29,Tribuna,20.0
Giulia,Ferretti,g.ferretti@hotmail.it,2024-10-27,Distinti,15.0
Giulia,Ferretti,g.ferretti@hotmail.it,2024-11-10,Curva,12.0
Giulia,Ferretti,g.ferretti@hotmail.it,2024-11-24,Curva,12.0
Giulia,Ferretti,g.ferretti@hotmail.it,2024-11-24,Curva,12.0
Giulia,Ferretti,g.ferretti@hotmail.it,2024-12-22,Tribuna,20.0
Giulia,Ferretti,g.ferretti@hotmail.it,2025-01-12,Distinti,15.0
Giulia,Ferretti,g.ferretti@hotmail.it,2025-01-12,Distinti,15.0
Giulia,Ferretti,g.ferretti@hotmail.it,2025-01-26,Curva,12.0
Giulia,Ferretti,g.ferretti@hotmail.it,2025-02-09,Tribuna,20.0
Giulia,Ferretti,g.ferretti@hotmail.it,2025-02-09,Tribuna,20.0
Giulia,Ferretti,g.ferretti@hotmail.it,2025-02-09,Tribuna,20.0
Giulia,Ferretti,g.ferretti@hotmail.it,2025-03-09,Distinti,15.0
Giulia,Ferretti,g.ferretti@hotmail.it,2025-03-09,Distinti,15.0
Giulia,Ferretti,g.ferretti@hotmail.it,2025-03-09,Distinti,15.0
Giulia,Ferretti,g.ferretti@hotmail.it,2025-03-23,Tribuna,20.0
Giulia,Ferretti,g.ferretti@hotmail.it,2025-04-06,Curva,12.0
Giulia,Ferretti,g.ferretti@hotmail.it,2025-04-06,Curva,12.0
Giulia,Ferretti,g.ferretti@hotmail.it,2025-04-20,Tribuna,20.0
Giulia,Ferretti,g.ferretti@hotmail.it,2025-04-20,Tribuna,20.0
Giulia,Ferretti,g.ferretti@hotmail.it,2025-05-18,Distinti,15.0
Giulia,Ferretti,g.ferretti@hotmail.it,2025-05-18,Distinti,15.0
Giulia,Ferretti,g.ferretti@hotmail.it,2025-05-18,Distinti,15.0
Matteo,Conti,m.conti@yahoo.it,2024-09-01,Curva,12.0
Matteo,Conti,m.conti@yahoo.it,2024-09-01,Curva,12.0
Matteo,Conti,m.conti@yahoo.it,2024-09-15,Tribuna,20.0
Matteo,Conti,m.conti@yahoo.it,2024-09-29,Curva,12.0
Matteo,Conti,m.conti@yahoo.it,2024-10-13,Tribuna,20.0
Matteo,Conti,m.conti@yahoo.it,2024-10-13,Tribuna,20.0
Matteo,Conti,m.conti@yahoo.it,2024-10-27,Tribuna,20.0
Matteo,Conti,m.conti@yahoo.it,2024-10-27,Tribuna,20.0
Matteo,Conti,m.conti@yahoo.it,2024-10-27,Tribuna,20.0
Matteo,Conti,m.conti@yahoo.it,2024-11-10,Curva,12.0
Matteo,Conti,m.conti@yahoo.it,2024-12-08,Tribuna,20.0
Matteo,Conti,m.conti@yahoo.it,2024-12-08,Tribuna,20.0
Matteo,Conti,m.conti@yahoo.it,2024-12-08,Tribuna,20.0
Matteo,Conti,m.conti@yahoo.it,2024-12-22,Tribuna,20.0
Matteo,Conti,m.conti@yahoo.it,2025-01-26,Curva,12.0
Matteo,Conti,m.conti@yahoo.it,2025-01-26,Curva,12.0
Matteo,Conti,m.conti@yahoo.it,2025-02-23,Distinti,15.0
Matteo,Conti,m.conti@yahoo.it,2025-03-09,Tribuna,20.0
Matteo,Conti,m.conti@yahoo.it,2025-04-06,Distinti,15.0
Matteo,Conti,m.conti@yahoo.it,2025-04-06,Distinti,15.0
Matteo,Conti,m.conti@yahoo.it,2025-04-20,Distinti,15.0
Matteo,Conti,m.conti@yahoo.it,2025-04-20,Distinti,15.0
Matteo,Conti,m.conti@yahoo.it,2025-04-20,Distinti,15.0
Matteo,Conti,m.conti@yahoo.it,2025-05-04,Distinti,15.0
Matteo,Conti,m.conti@yahoo.it,2025-05-04,Distinti,15.0
Matteo,Conti,m.conti@yahoo.it,2025-05-04,Distinti,15.0
Elisa,Lombardi,e.lombardi@gmail.com,2024-09-15,Distinti,15.0
Elisa,Lombardi,e.lombardi@gmail.com,2024-09-15,Distinti,15.0
Elisa,Lombardi,e.lombardi@gmail.com,2024-09-29,Curva,12.0
Elisa,Lombardi,e.lombardi@gmail.com,2024-09-29,Curva,12.0
Elisa,Lombardi,e.lombardi@gmail.com,2024-10-27,Tribuna,20.0
Elisa,Lombardi,e.lombardi@gmail.com,2024-11-24,Tribuna,20.0
Elisa,Lombardi,e.lombardi@gmail.com,2024-12-08,Distinti,15.0
Elisa,Lombardi,e.lombardi@gmail.com,2024-12-08,Distinti,15.0
Elisa,Lombardi,e.lombardi@gmail.com,2024-12-22,Tribuna,20.0
Elisa,Lombardi,e.lombardi@gmail.com,2024-12-22,Tribuna,20.0
Elisa,Lombardi,e.lombardi@gmail.com,2025-01-12,Tribuna,20.0
Elisa,Lombardi,e.lombardi@gmail.com,2025-01-12,Tribuna,20.0
Elisa,Lombardi,e.lombardi@gmail.com,2025-01-12,Tribuna,20.0
Elisa,Lombardi,e.lombardi@gmail.com,2025-01-26,Distinti,15.0
Elisa,Lombardi,e.lombardi@gmail.com,2025-02-09,Tribuna,20.0
Elisa,Lombardi,e.lombardi@gmail.com,2025-02-09,Tribuna,20.0
Elisa,Lombardi,e.lombardi@gmail.com,2025-03-09,Curva,12.0
Elisa,Lombardi,e.lombardi@gmail.com,2025-03-09,Curva,12.0
Elisa,Lombardi,e.lombardi@gmail.com,2025-03-09,Curva,12.0
Elisa,Lombardi,e.lombardi@gmail.com,2025-04-06,Tribuna,20.0
Elisa,Lombardi,e.lombardi@gmail.com,2025-04-06,Tribuna,20.0
Elisa,Lombardi,e.lombardi@gmail.com,2025-04-20,Tribuna,20.0
Elisa,Lombardi,e.lombardi@gmail.com,2025-05-04,Tribuna,20.0
Elisa,Lombardi,e.lombardi@gmail.com,2025-05-04,Tribuna,20.0
Nicola,Fontana,n.fontana@gmail.com,2024-09-29,Distinti,15.0
Nicola,Fontana,n.fontana@gmail.com,2024-09-29,Distinti,15.0
Nicola,Fontana,n.fontana@gmail.com,2024-10-13,Curva,12.0
Nicola,Fontana,n.fontana@gmail.com,2024-10-13,Curva,12.0
Nicola,Fontana,n.fontana@gmail.com,2024-11-10,Distinti,15.0
Nicola,Fontana,n.fontana@gmail.com,2024-11-10,Distinti,15.0
Nicola,Fontana,n.fontana@gmail.com,2024-12-08,Distinti,15.0
Nicola,Fontana,n.fontana@gmail.com,2024-12-22,Tribuna,20.0
Nicola,Fontana,n.fontana@gmail.com,2024-12-22,Tribuna,20.0
Nicola,Fontana,n.fontana@gmail.com,2025-02-09,Tribuna,20.0
Nicola,Fontana,n.fontana@gmail.com,2025-03-09,Distinti,15.0
Nicola,Fontana,n.fontana@gmail.com,2025-03-23,Distinti,15.0
Nicola,Fontana,n.fontana@gmail.com,2025-03-23,Distinti,15.0
Nicola,Fontana,n.fontana@gmail.com,2025-04-06,Distinti,15.0
Nicola,Fontana,n.fontana@gmail.com,2025-04-06,Distinti,15.0
Nicola,Fontana,n.fontana@gmail.com,2025-04-20,Tribuna,20.0
Nicola,Fontana,n.fontana@gmail.com,2025-05-04,Distinti,15.0
Nicola,Fontana,n.fontana@gmail.com,2025-05-18,Distinti,15.0
Nicola,Fontana,n.fontana@gmail.com,2025-05-18,Distinti,15.0
Nicola,Fontana,n.fontana@gmail.com,2025-05-18,Distinti,15.0
Cristina,Poli,c.poli@gmail.com,2024-09-01,Tribuna,20.0
Cristina,Poli,c.poli@gmail.com,2024-09-15,Distinti,15.0
Cristina,Poli,c.poli@gmail.com,2024-09-15,Distinti,15.0
Cristina,Poli,c.poli@gmail.com,2024-12-08,Distinti,15.0
Cristina,Poli,c.poli@gmail.com,2025-01-12,Tribuna,20.0
Cristina,Poli,c.poli@gmail.com,2025-01-26,Curva,12.0
Cristina,Poli,c.poli@gmail.com,2025-02-23,Curva,12.0
Cristina,Poli,c.poli@gmail.com,2025-03-09,Curva,12.0
Cristina,Poli,c.poli@gmail.com,2025-03-23,Distinti,15.0
Cristina,Poli,c.poli@gmail.com,2025-04-06,Tribuna,20.0
Cristina,Poli,c.poli@gmail.com,2025-04-20,Curva,12.0
Matteo,Poli,m.poli@libero.it,2024-09-15,Tribuna,20.0
Matteo,Poli,m.poli@libero.it,2024-11-10,Curva,12.0
Matteo,Poli,m.poli@libero.it,2024-11-10,Curva,12.0
Matteo,Poli,m.poli@libero.it,2024-11-10,Curva,12.0
Matteo,Poli,m.poli@libero.it,2024-11-24,Tribuna,20.0
Matteo,Poli,m.poli@libero.it,2024-11-24,Tribuna,20.0
Matteo,Poli,m.poli@libero.it,2024-11-24,Tribuna,20.0
Matteo,Poli,m.poli@libero.it,2024-12-22,Tribuna,20.0
Matteo,Poli,m.poli@libero.it,2025-02-09,Curva,12.0
Matteo,Poli,m.poli@libero.it,2025-02-09,Curva,12.0
Matteo,Poli,m.poli@libero.it,2025-02-23,Curva,12.0
Matteo,Poli,m.poli@libero.it,2025-03-09,Tribuna,20.0
Matteo,Poli,m.poli@libero.it,2025-04-06,Tribuna,20.0
Matteo,Poli,m.poli@libero.it,2025-04-06,Tribuna,20.0
Matteo,Poli,m.poli@libero.it,2025-04-06,Tribuna,20.0
Matteo,Poli,m.poli@libero.it,2025-04-20,Tribuna,20.0
Matteo,Poli,m.poli@libero.it,2025-05-04,Tribuna,20.0
Matteo,Poli,m.poli@libero.it,2025-05-04,Tribuna,20.0
Davide,Gatti,d.gatti@hotmail.it,2024-09-01,Tribuna,20.0
Davide,Gatti,d.gatti@hotmail.it,2024-09-15,Distinti,15.0
Davide,Gatti,d.gatti@hotmail.it,2024-09-29,Distinti,15.0
Davide,Gatti,d.gatti@hotmail.it,2024-09-29,Distinti,15.0
Davide,Gatti,d.gatti@hotmail.it,2024-10-13,Tribuna,20.0
Davide,Gatti,d.gatti@hotmail.it,2024-10-27,Tribuna,20.0
Davide,Gatti,d.gatti@hotmail.it,2024-11-24,Curva,12.0
Davide,Gatti,d.gatti@hotmail.it,2024-11-24,Curva,12.0
Davide,Gatti,d.gatti@hotmail.it,2024-11-24,Curva,12.0
Davide,Gatti,d.gatti@hotmail.it,2024-12-08,Tribuna,20.0
Davide,Gatti,d.gatti@hotmail.it,2024-12-22,Curva,12.0
Davide,Gatti,d.gatti@hotmail.it,2024-12-22,Curva,12.0
Davide,Gatti,d.gatti@hotmail.it,2025-02-23,Tribuna,20.0
Davide,Gatti,d.gatti@hotmail.it,2025-02-23,Tribuna,20.0
Davide,Gatti,d.gatti@hotmail.it,2025-02-23,Tribuna,20.0
Davide,Gatti,d.gatti@hotmail.it,2025-03-09,Tribuna,20.0
Davide,Gatti,d.gatti@hotmail.it,2025-04-06,Tribuna,20.0
Davide,Gatti,d.gatti@hotmail.it,2025-04-06,Tribuna,20.0
Davide,Gatti,d.gatti@hotmail.it,2025-04-20,Tribuna,20.0
Davide,Gatti,d.gatti@hotmail.it,2025-04-20,Tribuna,20.0
Davide,Gatti,d.gatti@hotmail.it,2025-05-04,Tribuna,20.0
Davide,Gatti,d.gatti@hotmail.it,2025-05-04,Tribuna,20.0
Davide,Gatti,d.gatti@hotmail.it,2025-05-18,Distinti,15.0
Davide,Gatti,d.gatti@hotmail.it,2025-05-18,Distinti,15.0
Davide,Gatti,d.gatti@hotmail.it,2025-05-18,Distinti,15.0
Andrea,Pellegrini,a.pellegrini@hotmail.it,2024-09-01,Tribuna,20.0
Andrea,Pellegrini,a.pellegrini@hotmail.it,2024-10-13,Tribuna,20.0
Andrea,Pellegrini,a.pellegrini@hotmail.it,2024-10-27,Curva,12.0
Andrea,Pellegrini,a.pellegrini@hotmail.it,2024-11-10,Distinti,15.0
Andrea,Pellegrini,a.pellegrini@hotmail.it,2024-12-08,Curva,12.0
Andrea,Pellegrini,a.pellegrini@hotmail.it,2024-12-08,Curva,12.0
Andrea,Pellegrini,a.pellegrini@hotmail.it,2024-12-08,Curva,12.0
Andrea,Pellegrini,a.pellegrini@hotmail.it,2025-01-12,Tribuna,20.0
Andrea,Pellegrini,a.pellegrini@hotmail.it,2025-01-26,Curva,12.0
Andrea,Pellegrini,a.pellegrini@hotmail.it,2025-02-09,Curva,12.0
Andrea,Pellegrini,a.pellegrini@hotmail.it,2025-03-09,Distinti,15.0
Andrea,Pellegrini,a.pellegrini@hotmail.it,2025-03-09,Distinti,15.0
Andrea,Pellegrini,a.pellegrini@hotmail.it,2025-03-09,Distinti,15.0
Andrea,Pellegrini,a.pellegrini@hotmail.it,2025-05-04,Tribuna,20.0
Andrea,Pellegrini,a.pellegrini@hotmail.it,2025-05-04,Tribuna,20.0
Roberta,Moretti,r.moretti@gmail.com,2024-09-01,Tribuna,20.0
Roberta,Moretti,r.moretti@gmail.com,2024-09-01,Tribuna,20.0
Roberta,Moretti,r.moretti@gmail.com,2024-09-15,Tribuna,20.0
Roberta,Moretti,r.moretti@gmail.com,2024-09-15,Tribuna,20.0
Roberta,Moretti,r.moretti@gmail.com,2024-09-29,Tribuna,20.0
Roberta,Moretti,r.moretti@gmail.com,2024-09-29,Tribuna,20.0
Roberta,Moretti,r.moretti@gmail.com,2024-10-27,Tribuna,20.0
Roberta,Moretti,r.moretti@gmail.com,2024-11-10,Curva,12.0
Roberta,Moretti,r.moretti@gmail.com,2024-11-10,Curva,12.0
Roberta,Moretti,r.moretti@gmail.com,2024-11-10,Curva,12.0
Roberta,Moretti,r.moretti@gmail.com,2024-11-24,Curva,12.0
Roberta,Moretti,r.moretti@gmail.com,2024-12-08,Distinti,15.0
Roberta,Moretti,r.moretti@gmail.com,2024-12-08,Distinti,15.0
Roberta,Moretti,r.moretti@gmail.com,2024-12-22,Curva,12.0
Roberta,Moretti,r.moretti@gmail.com,2024-12-22,Curva,12.0
Roberta,Moretti,r.moretti@gmail.com,2025-01-12,Tribuna,20.0
Roberta,Moretti,r.moretti@gmail.com,2025-01-26,Distinti,15.0
Roberta,Moretti,r.moretti@gmail.com,2025-02-23,Tribuna,20.0
Roberta,Moretti,r.moretti@gmail.com,2025-03-09,Tribuna,20.0
Roberta,Moretti,r.moretti@gmail.com,2025-03-09,Tribuna,20.0
Roberta,Moretti,r.moretti@gmail.com,2025-04-20,Curva,12.0
Roberta,Moretti,r.moretti@gmail.com,2025-05-04,Tribuna,20.0
Roberta,Moretti,r.moretti@gmail.com,2025-05-04,Tribuna,20.0
Paola,Costa,p.costa@email.it,2024-10-13,Curva,12.0
Paola,Costa,p.costa@email.it,2024-10-13,Curva,12.0
Paola,Costa,p.costa@email.it,2024-10-13,Curva,12.0
Paola,Costa,p.costa@email.it,2024-10-27,Distinti,15.0
Paola,Costa,p.costa@email.it,2024-11-10,Distinti,15.0
Paola,Costa,p.costa@email.it,2024-12-08,Curva,12.0
Paola,Costa,p.costa@email.it,2024-12-08,Curva,12.0
Paola,Costa,p.costa@email.it,2024-12-22,Curva,12.0
Paola,Costa,p.costa@email.it,2024-12-22,Curva,12.0
Paola,Costa,p.costa@email.it,2025-01-26,Tribuna,20.0
Paola,Costa,p.costa@email.it,2025-01-26,Tribuna,20.0
Paola,Costa,p.costa@email.it,2025-02-23,Tribuna,20.0
Paola,Costa,p.costa@email.it,2025-03-09,Curva,12.0
Paola,Costa,p.costa@email.it,2025-03-09,Curva,12.0
Paola,Costa,p.costa@email.it,2025-03-23,Curva,12.0
Paola,Costa,p.costa@email.it,2025-04-06,Curva,12.0
Paola,Costa,p.costa@email.it,2025-04-06,Curva,12.0
Paola,Costa,p.costa@email.it,2025-04-20,Curva,12.0
Paola,Costa,p.costa@email.it,2025-04-20,Curva,12.0
Federica,Colombo,f.colombo@gmail.com,2024-09-01,Curva,12.0
Federica,Colombo,f.colombo@gmail.com,2024-10-13,Distinti,15.0
Federica,Colombo,f.colombo@gmail.com,2024-10-27,Tribuna,20.0
Federica,Colombo,f.colombo@gmail.com,2024-11-10,Curva,12.0
Federica,Colombo,f.colombo@gmail.com,2024-11-24,Tribuna,20.0
Federica,Colombo,f.colombo@gmail.com,2024-12-08,Curva,12.0
Federica,Colombo,f.colombo@gmail.com,2024-12-22,Tribuna,20.0
Federica,Colombo,f.colombo@gmail.com,2025-01-26,Curva,12.0
Federica,Colombo,f.colombo@gmail.com,2025-02-09,Curva,12.0
Federica,Colombo,f.colombo@gmail.com,2025-02-23,Curva,12.0
Federica,Colombo,f.colombo@gmail.com,2025-03-09,Distinti,15.0
Federica,Colombo,f.colombo@gmail.com,2025-04-06,Tribuna,20.0
Federica,Colombo,f.colombo@gmail.com,2025-04-20,Distinti,15.0
Federica,Colombo,f.colombo@gmail.com,2025-04-20,Distinti,15.0
Federica,Colombo,f.colombo@gmail.com,2025-04-20,Distinti,15.0
Federica,Colombo,f.colombo@gmail.com,2025-05-04,Curva,12.0
Federica,Colombo,f.colombo@gmail.com,2025-05-04,Curva,12.0
Federica,Colombo,f.colombo@gmail.com,2025-05-18,Tribuna,20.0
Federica,Colombo,f.colombo@gmail.com,2025-05-18,Tribuna,20.0
Enrico,Moretti,e.moretti@gmail.com,2024-09-01,Tribuna,20.0
Enrico,Moretti,e.moretti@gmail.com,2024-09-01,Tribuna,20.0
Enrico,Moretti,e.moretti@gmail.com,2024-09-01,Tribuna,20.0
Enrico,Moretti,e.moretti@gmail.com,2024-09-15,Distinti,15.0
Enrico,Moretti,e.moretti@gmail.com,2024-09-15,Distinti,15.0
Enrico,Moretti,e.moretti@gmail.com,2024-09-15,Distinti,15.0
Enrico,Moretti,e.moretti@gmail.com,2024-10-13,Tribuna,20.0
Enrico,Moretti,e.moretti@gmail.com,2024-10-13,Tribuna,20.0
Enrico,Moretti,e.moretti@gmail.com,2024-10-27,Curva,12.0
Enrico,Moretti,e.moretti@gmail.com,2024-10-27,Curva,12.0
Enrico,Moretti,e.moretti@gmail.com,2024-11-10,Tribuna,20.0
Enrico,Moretti,e.moretti@gmail.com,2024-11-10,Tribuna,20.0
Enrico,Moretti,e.moretti@gmail.com,2025-01-12,Tribuna,20.0
Enrico,Moretti,e.moretti@gmail.com,2025-02-09,Tribuna,20.0
Enrico,Moretti,e.moretti@gmail.com,2025-02-23,Curva,12.0
Enrico,Moretti,e.moretti@gmail.com,2025-03-09,Curva,12.0
Enrico,Moretti,e.moretti@gmail.com,2025-03-23,Tribuna,20.0
Enrico,Moretti,e.moretti@gmail.com,2025-03-23,Tribuna,20.0
Enrico,Moretti,e.moretti@gmail.com,2025-03-23,Tribuna,20.0
Enrico,Moretti,e.moretti@gmail.com,2025-05-04,Curva,12.0
Luca,Bruno,l.bruno@gmail.com,2024-09-01,Tribuna,20.0
Luca,Bruno,l.bruno@gmail.com,2024-09-29,Curva,12.0
Luca,Bruno,l.bruno@gmail.com,2024-09-29,Curva,12.0
Luca,Bruno,l.bruno@gmail.com,2024-10-13,Tribuna,20.0
Luca,Bruno,l.bruno@gmail.com,2024-10-13,Tribuna,20.0
Luca,Bruno,l.bruno@gmail.com,2024-11-10,Tribuna,20.0
Luca,Bruno,l.bruno@gmail.com,2024-12-08,Curva,12.0
Luca,Bruno,l.bruno@gmail.com,2024-12-22,Tribuna,20.0
Luca,Bruno,l.bruno@gmail.com,2025-01-26,Tribuna,20.0
Luca,Bruno,l.bruno@gmail.com,2025-02-23,Tribuna,20.0
Luca,Bruno,l.bruno@gmail.com,2025-02-23,Tribuna,20.0
Luca,Bruno,l.bruno@gmail.com,2025-03-09,Curva,12.0
Luca,Bruno,l.bruno@gmail.com,2025-03-23,Tribuna,20.0
Luca,Bruno,l.bruno@gmail.com,2025-04-06,Tribuna,20.0
Luca,Bruno,l.bruno@gmail.com,2025-04-20,Curva,12.0
Luca,Bruno,l.bruno@gmail.com,2025-05-04,Distinti,15.0
Nicola,Bruno,n.bruno@libero.it,2024-09-01,Tribuna,20.0
Nicola,Bruno,n.bruno@libero.it,2024-09-15,Distinti,15.0
Nicola,Bruno,n.bruno@libero.it,2024-09-29,Tribuna,20.0
Nicola,Bruno,n.bruno@libero.it,2024-10-13,Tribuna,20.0
Nicola,Bruno,n.bruno@libero.it,2024-10-27,Tribuna,20.0
Nicola,Bruno,n.bruno@libero.it,2024-11-10,Curva,12.0
Nicola,Bruno,n.bruno@libero.it,2025-05-18,Curva,12.0
Enrico,Barbieri,e.barbieri@yahoo.it,2024-09-01,Distinti,15.0
Enrico,Barbieri,e.barbieri@yahoo.it,2024-09-29,Tribuna,20.0
Enrico,Barbieri,e.barbieri@yahoo.it,2024-10-13,Curva,12.0
Enrico,Barbieri,e.barbieri@yahoo.it,2024-10-27,Tribuna,20.0
Enrico,Barbieri,e.barbieri@yahoo.it,2024-11-24,Distinti,15.0
Enrico,Barbieri,e.barbieri@yahoo.it,2024-12-08,Curva,12.0
Enrico,Barbieri,e.barbieri@yahoo.it,2025-01-12,Tribuna,20.0
Enrico,Barbieri,e.barbieri@yahoo.it,2025-03-09,Tribuna,20.0
Matteo,Colombo,m.colombo@email.it,2024-09-15,Distinti,15.0
Matteo,Colombo,m.colombo@email.it,2024-10-13,Tribuna,20.0
Matteo,Colombo,m.colombo@email.it,2024-10-27,Tribuna,20.0
Matteo,Colombo,m.colombo@email.it,2024-11-10,Curva,12.0
Matteo,Colombo,m.colombo@email.it,2024-12-08,Curva,12.0
Matteo,Colombo,m.colombo@email.it,2025-05-18,Tribuna,20.0
Federica,Romano,f.romano@email.it,2024-10-27,Curva,12.0
Federica,Romano,f.romano@email.it,2024-11-10,Distinti,15.0
Federica,Romano,f.romano@email.it,2025-01-12,Distinti,15.0
Federica,Romano,f.romano@email.it,2025-04-06,Tribuna,20.0
Federica,Romano,f.romano@email.it,2025-05-18,Curva,12.0
Monica,Marchetti,m.marchetti@gmail.com,2024-09-01,Distinti,15.0
Monica,Marchetti,m.marchetti@gmail.com,2024-10-27,Distinti,15.0
Monica,Marchetti,m.marchetti@gmail.com,2024-11-24,Curva,12.0
Monica,Marchetti,m.marchetti@gmail.com,2024-12-08,Distinti,15.0
Monica,Marchetti,m.marchetti@gmail.com,2025-01-12,Distinti,15.0
Valentina,Giordano,v.giordano@gmail.com,2024-09-15,Tribuna,20.0
Valentina,Giordano,v.giordano@gmail.com,2024-09-29,Tribuna,20.0
Valentina,Giordano,v.giordano@gmail.com,2024-10-13,Curva,12.0
Valentina,Giordano,v.giordano@gmail.com,2024-11-10,Distinti,15.0
Antonio,Marchetti,a.marchetti@hotmail.it,2024-09-01,Distinti,15.0
Antonio,Marchetti,a.marchetti@hotmail.it,2024-09-15,Curva,12.0
Antonio,Marchetti,a.marchetti@hotmail.it,2024-10-27,Distinti,15.0
Antonio,Marchetti,a.marchetti@hotmail.it,2024-11-10,Curva,12.0
Antonio,Marchetti,a.marchetti@hotmail.it,2024-11-24,Tribuna,20.0
Antonio,Marchetti,a.marchetti@hotmail.it,2024-12-08,Tribuna,20.0
Antonio,Marchetti,a.marchetti@hotmail.it,2025-04-20,Tribuna,20.0
Davide,Marino,d.marino@yahoo.it,2024-09-15,Distinti,15.0
Davide,Marino,d.marino@yahoo.it,2024-11-10,Curva,12.0
Davide,Marino,d.marino@yahoo.it,2024-12-08,Tribuna,20.0
Davide,Marino,d.marino@yahoo.it,2025-01-12,Tribuna,20.0
Davide,Marino,d.marino@yahoo.it,2025-03-23,Curva,12.0
Davide,Marino,d.marino@yahoo.it,2025-04-20,Curva,12.0
Sara,Marino,s.marino@yahoo.it,2024-09-01,Curva,12.0
Sara,Marino,s.marino@yahoo.it,2024-10-13,Curva,12.0
Sara,Marino,s.marino@yahoo.it,2024-10-27,Curva,12.0
Sara,Marino,s.marino@yahoo.it,2024-11-24,Tribuna,20.0
Sara,Marino,s.marino@yahoo.it,2024-12-22,Tribuna,20.0
Sara,Marino,s.marino@yahoo.it,2025-01-12,Distinti,15.0
Sara,Marino,s.marino@yahoo.it,2025-03-23,Distinti,15.0
Paola,Giordano,p.giordano@email.it,2024-09-15,Curva,12.0
Paola,Giordano,p.giordano@email.it,2024-09-29,Distinti,15.0
Paola,Giordano,p.giordano@email.it,2024-10-27,Distinti,15.0
Paola,Giordano,p.giordano@email.it,2024-11-10,Curva,12.0
Paola,Giordano,p.giordano@email.it,2024-11-24,Distinti,15.0
Paola,Giordano,p.giordano@email.it,2024-12-08,Curva,12.0
Paola,Giordano,p.giordano@email.it,2024-12-22,Tribuna,20.0
Paola,Giordano,p.giordano@email.it,2025-01-26,Curva,12.0
Paola,Giordano,p.giordano@email.it,2025-02-09,Distinti,15.0
Paola,Giordano,p.giordano@email.it,2025-05-04,Distinti,15.0
Roberto,Greco,r.greco@gmail.com,2024-09-15,Curva,12.0
Roberto,Greco,r.greco@gmail.com,2024-09-29,Distinti,15.0
Roberto,Greco,r.greco@gmail.com,2024-10-27,Curva,12.0
Roberto,Greco,r.greco@gmail.com,2024-11-10,Curva,12.0
Roberto,Greco,r.greco@gmail.com,2024-11-24,Tribuna,20.0
Roberto,Greco,r.greco@gmail.com,2024-12-22,Tribuna,20.0
Roberto,Greco,r.greco@gmail.com,2025-01-12,Distinti,15.0
Roberto,Greco,r.greco@gmail.com,2025-02-09,Tribuna,20.0
Roberto,Greco,r.greco@gmail.com,2025-03-23,Curva,12.0
Luca,Barbieri,l.barbieri@yahoo.it,2024-09-01,Curva,12.0
Luca,Barbieri,l.barbieri@yahoo.it,2024-09-29,Distinti,15.0
Luca,Barbieri,l.barbieri@yahoo.it,2024-10-13,Distinti,15.0
Luca,Barbieri,l.barbieri@yahoo.it,2024-11-24,Tribuna,20.0
Francesco,Bianchi,f.bianchi@hotmail.it,2024-09-01,Distinti,15.0
Francesco,Bianchi,f.bianchi@hotmail.it,2024-09-15,Tribuna,20.0
Francesco,Bianchi,f.bianchi@hotmail.it,2024-09-29,Tribuna,20.0
Francesco,Bianchi,f.bianchi@hotmail.it,2024-10-27,Curva,12.0
Francesco,Bianchi,f.bianchi@hotmail.it,2024-11-10,Tribuna,20.0
Francesco,Bianchi,f.bianchi@hotmail.it,2025-01-12,Curva,12.0
Enrico,Bruno,e.bruno@hotmail.it,2024-09-15,Curva,12.0
Enrico,Bruno,e.bruno@hotmail.it,2024-09-29,Tribuna,20.0
Enrico,Bruno,e.bruno@hotmail.it,2024-12-22,Curva,12.0
Enrico,Bruno,e.bruno@hotmail.it,2025-01-12,Distinti,15.0
Enrico,Bruno,e.bruno@hotmail.it,2025-02-09,Curva,12.0
Enrico,Bruno,e.bruno@hotmail.it,2025-05-18,Curva,12.0
Serena,Barbieri,s.barbieri@hotmail.it,2024-09-01,Distinti,15.0
Serena,Barbieri,s.barbieri@hotmail.it,2024-09-15,Distinti,15.0
Serena,Barbieri,s.barbieri@hotmail.it,2024-10-13,Tribuna,20.0
Serena,Barbieri,s.barbieri@hotmail.it,2024-11-10,Curva,12.0
Serena,Barbieri,s.barbieri@hotmail.it,2024-11-24,Curva,12.0
Serena,Barbieri,s.barbieri@hotmail.it,2024-12-22,Tribuna,20.0
Serena,Barbieri,s.barbieri@hotmail.it,2025-01-12,Curva,12.0
Serena,Barbieri,s.barbieri@hotmail.it,2025-02-23,Distinti,15.0
Serena,Barbieri,s.barbieri@hotmail.it,2025-03-09,Tribuna,20.0
Serena,Barbieri,s.barbieri@hotmail.it,2025-04-06,Distinti,15.0
Martina,Gallo,m.gallo@yahoo.it,2024-09-01,Tribuna,20.0
Martina,Gallo,m.gallo@yahoo.it,2024-09-15,Curva,12.0
Martina,Gallo,m.gallo@yahoo.it,2024-09-29,Distinti,15.0
Martina,Gallo,m.gallo@yahoo.it,2024-10-13,Curva,12.0
Martina,Gallo,m.gallo@yahoo.it,2024-11-10,Tribuna,20.0
Martina,Gallo,m.gallo@yahoo.it,2024-11-24,Tribuna,20.0
Martina,Gallo,m.gallo@yahoo.it,2024-12-22,Distinti,15.0
Martina,Gallo,m.gallo@yahoo.it,2025-02-23,Tribuna,20.0
Chiara,Rossi,c.rossi@yahoo.it,2024-09-01,Tribuna,20.0
Chiara,Rossi,c.rossi@yahoo.it,2024-10-13,Curva,12.0
Chiara,Rossi,c.rossi@yahoo.it,2024-10-27,Curva,12.0
Chiara,Rossi,c.rossi@yahoo.it,2024-11-10,Distinti,15.0
Chiara,Rossi,c.rossi@yahoo.it,2024-12-08,Distinti,15.0
Chiara,Rossi,c.rossi@yahoo.it,2024-12-22,Tribuna,20.0
Nicola,Gallo,n.gallo@gmail.com,2024-09-01,Curva,12.0
Nicola,Gallo,n.gallo@gmail.com,2024-09-15,Curva,12.0
Nicola,Gallo,n.gallo@gmail.com,2024-10-13,Tribuna,20.0
Nicola,Gallo,n.gallo@gmail.com,2024-11-24,Curva,12.0
Nicola,Gallo,n.gallo@gmail.com,2024-12-22,Tribuna,20.0
Nicola,Gallo,n.gallo@gmail.com,2025-01-26,Tribuna,20.0
Nicola,Gallo,n.gallo@gmail.com,2025-02-23,Distinti,15.0
Paolo,Conti,p.conti@gmail.com,2024-09-15,Curva,12.0
Paolo,Conti,p.conti@gmail.com,2024-09-29,Curva,12.0
Giulia,Gatti,g.gatti@gmail.com,2024-09-01,Curva,12.0
Giulia,Gatti,g.gatti@gmail.com,2024-09-15,Curva,12.0
Giulia,Gatti,g.gatti@gmail.com,2024-09-29,Curva,12.0
Stefano,Conti,s.conti@hotmail.it,2024-09-01,Curva,12.0
Stefano,Conti,s.conti@hotmail.it,2024-09-15,Curva,12.0
Cristina,Rizzo,c.rizzo@libero.it,2024-09-01,Curva,12.0
Cristina,Rizzo,c.rizzo@libero.it,2024-09-15,Curva,12.0
Cristina,Rizzo,c.rizzo@libero.it,2024-09-29,Curva,12.0
Elisa,Ferrari,e.ferrari@gmail.com,2024-09-01,Curva,12.0
Elisa,Ferrari,e.ferrari@gmail.com,2024-09-15,Curva,12.0
Elisa,Ferrari,e.ferrari@gmail.com,2024-09-29,Curva,12.0
Antonio,Moretti,a.moretti@email.it,2024-09-01,Curva,12.0
Antonio,Moretti,a.moretti@email.it,2024-09-29,Curva,12.0
Giovanni,Moretti,g.moretti@gmail.com,2024-09-01,Curva,12.0
Giovanni,Moretti,g.moretti@gmail.com,2024-09-15,Curva,12.0
Giovanni,Moretti,g.moretti@gmail.com,2024-09-29,Curva,12.0
Valentina,Ferrari,v.ferrari@libero.it,2024-09-01,Curva,12.0
Valentina,Ferrari,v.ferrari@libero.it,2024-09-15,Curva,12.0
Valentina,Ferrari,v.ferrari@libero.it,2024-09-29,Curva,12.0
Davide,Ferretti,d.ferretti@gmail.com,2024-09-01,Curva,12.0
Davide,Ferretti,d.ferretti@gmail.com,2024-09-15,Curva,12.0
Davide,Ferretti,d.ferretti@gmail.com,2024-09-29,Curva,12.0
Francesco,Gatti,f.gatti@yahoo.it,2024-09-15,Curva,12.0
Francesco,Gatti,f.gatti@yahoo.it,2024-09-29,Curva,12.0
Francesca,Marchetti,f.marchetti@email.it,2024-09-01,Curva,12.0
Francesca,Marchetti,f.marchetti@email.it,2024-09-15,Curva,12.0
Francesca,Marchetti,f.marchetti@email.it,2024-09-29,Curva,12.0
Martina,Greco,m.greco@yahoo.it,2024-09-01,Curva,12.0
Martina,Greco,m.greco@yahoo.it,2024-09-15,Curva,12.0
Marco,Ferretti,m.ferretti@gmail.com,2024-09-01,Curva,12.0
Marco,Ferretti,m.ferretti@gmail.com,2024-09-15,Curva,12.0
Marco,Ferretti,m.ferretti@gmail.com,2024-09-29,Curva,12.0
Stefano,Mancini,s.mancini@email.it,2024-09-01,Curva,12.0
Stefano,Mancini,s.mancini@email.it,2024-09-15,Curva,12.0
Matteo,Gatti,m.gatti@libero.it,2024-09-15,Curva,12.0
Matteo,Gatti,m.gatti@libero.it,2024-09-29,Curva,12.0
Gianluca,Giordano,g.giordano@libero.it,2024-09-01,Curva,12.0
Giorgio,Gatti,g.gatti@hotmail.it,2024-09-01,Curva,12.0
Giorgio,Gatti,g.gatti@hotmail.it,2024-09-15,Curva,12.0
Giorgio,Gatti,g.gatti@hotmail.it,2024-09-29,Curva,12.0
Laura,Lombardi,l.lombardi@hotmail.it,2025-05-04,Distinti,15.0
Laura,Lombardi,l.lombardi@hotmail.it,2025-05-18,Distinti,15.0
Paolo,Giordano,p.giordano@gmail.com,2025-01-26,Curva,12.0
Paolo,Giordano,p.giordano@gmail.com,2025-05-04,Curva,12.0
Daniela,De Luca,d.de luca@email.it,2025-03-09,Curva,12.0
Roberto,Lombardi,r.lombardi@libero.it,2025-03-09,Distinti,15.0
Roberto,Lombardi,r.lombardi@libero.it,2025-05-18,Distinti,15.0
Monica,Costa,m.costa@email.it,2025-02-09,Distinti,15.0
Monica,Costa,m.costa@email.it,2025-04-20,Curva,12.0
Monica,Costa,m.costa@email.it,2025-05-18,Distinti,15.0
Alessandro,Giordano,a.giordano@email.it,2025-01-26,Curva,12.0
Alessandro,Giordano,a.giordano@email.it,2025-02-09,Curva,12.0
Alessandro,Giordano,a.giordano@email.it,2025-04-06,Distinti,15.0
Gianluca,Barbieri,g.barbieri@libero.it,2025-05-04,Curva,12.0
Roberto,Conti,r.conti@gmail.com,2025-02-23,Distinti,15.0
Roberto,Conti,r.conti@gmail.com,2025-03-23,Curva,12.0
Roberto,Conti,r.conti@gmail.com,2025-04-20,Distinti,15.0
Roberto,Conti,r.conti@gmail.com,2025-05-18,Distinti,15.0
Federica,Russo,f.russo@yahoo.it,2025-02-09,Curva,12.0
Francesco,Ferretti,f.ferretti@gmail.com,2025-02-09,Curva,12.0
Francesco,Ferretti,f.ferretti@gmail.com,2025-02-23,Curva,12.0
Francesco,Ferretti,f.ferretti@gmail.com,2025-03-23,Curva,12.0
Francesco,Ferretti,f.ferretti@gmail.com,2025-05-04,Distinti,15.0
