data,avversario,casa_trasferta,competizione
2024-09-01,Novara,casa,Serie C
2024-09-15,Alessandria,casa,Serie C
2024-09-29,Lecco,casa,Serie C
2024-10-13,Vicenza,casa,Serie C
2024-10-27,Triestina,casa,Serie C
2024-11-10,Padova,casa,Serie C
2024-11-24,Arzachena,casa,Serie C
2024-12-08,Renate,casa,Serie C
2024-12-22,Mantova,casa,Serie C
2025-01-12,Pergolettese,casa,Serie C
2025-01-26,Giana Erminio,casa,Serie C
2025-02-09,Pro Patria,casa,Serie C
2025-02-23,Virtus Verona,casa,Serie C
2025-03-09,Trento,casa,Serie C
2025-03-23,Albinoleffe,casa,Serie C
2025-04-06,Feralpisalò,casa,Serie C
2025-04-20,Lumezzane,casa,Serie C
2025-05-04,Atalanta U23,casa,Serie C
2025-05-18,Novara,trasferta,Playoff
