data,avversario,casa_trasferta,competizione
2024-09-01,Ascoli,casa,Serie B
2024-09-15,Brescia,trasferta,Serie B
2024-09-22,Bari,casa,Serie B
2024-10-06,Palermo,trasferta,Serie B
2024-10-20,Reggiana,casa,Serie B
2024-11-03,Cesena,trasferta,Serie B
2024-11-10,Spezia,casa,Serie B
2024-11-24,Catanzaro,trasferta,Serie B
2024-12-08,Salernitana,casa,Serie B
2024-12-15,Cosenza,trasferta,Serie B
2025-01-12,Mantova,casa,Serie B
2025-01-19,Sudtirol,trasferta,Serie B
2025-02-02,Cittadella,casa,Serie B
2025-02-16,Pisa,trasferta,Serie B
2025-03-02,Frosinone,casa,Serie B
2025-03-16,Carrarese,trasferta,Serie B
2025-03-30,Modena,casa,Serie B
2025-04-06,Sampdoria,trasferta,Serie B
2025-04-13,Juve Stabia,casa,Serie B
2025-04-27,Cremonese,trasferta,Serie B
2026-07-06,Bari,casa,Amichevole
2026-07-20,Lecce,trasferta,Amichevole
2026-08-10,Palermo,casa,Serie B
2026-08-24,Reggiana,trasferta,Serie B
2026-09-07,Ascoli,casa,Serie B
2026-09-21,Brescia,trasferta,Serie B
2026-10-05,Cesena,casa,Serie B
2026-10-19,Spezia,trasferta,Serie B
2026-11-02,Salernitana,casa,Serie B
2026-11-16,Cosenza,trasferta,Serie B
