email,prodotto,importo,data
g.rossi@email.it,Portachiavi,8.0,2025-01-07
g.rossi@email.it,Maglia Home 2024/25,75.0,2025-02-17
g.rossi@email.it,Cappellino,22.0,2025-02-05
m.ferretti@email.it,Sciarpa ufficiale,18.0,2025-01-10
m.ferretti@email.it,Sciarpa ufficiale,18.0,2024-12-24
m.ferretti@email.it,Sciarpa ufficiale,18.0,2024-10-16
m.ferretti@email.it,Sciarpa ufficiale,18.0,2025-01-02
m.bianchi@gmail.com,Maglia Home 2024/25,75.0,2024-10-27
m.bianchi@gmail.com,Borraccia,15.0,2024-10-30
m.bianchi@gmail.com,Maglia Away 2024/25,75.0,2024-11-07
a.monti@email.it,Cappellino,22.0,2024-09-11
a.monti@email.it,Cappellino,22.0,2025-01-11
a.monti@email.it,Portachiavi,8.0,2024-12-09
a.barbieri@libero.it,Borraccia,15.0,2024-09-12
a.barbieri@libero.it,Maglia Home 2024/25,75.0,2025-02-14
a.barbieri@libero.it,Portachiavi,8.0,2024-09-27
s.ricci@gmail.com,Felpa Pro Vercelli,55.0,2024-11-07
s.ricci@gmail.com,Sciarpa ufficiale,18.0,2024-12-06
s.ricci@gmail.com,Poster stagione,12.0,2024-12-03
s.ricci@gmail.com,Maglia Away 2024/25,75.0,2025-01-11
m.mancini@libero.it,Poster stagione,12.0,2024-10-28
m.mancini@libero.it,Poster stagione,12.0,2024-11-30
m.mancini@libero.it,Portachiavi,8.0,2025-01-03
f.moretti@gmail.com,Maglia Home 2024/25,75.0,2025-01-07
f.moretti@gmail.com,Sciarpa ufficiale,18.0,2024-12-22
f.moretti@gmail.com,Sciarpa ufficiale,18.0,2024-10-29
d.gatti@libero.it,Felpa Pro Vercelli,55.0,2024-10-25
d.gatti@libero.it,Sciarpa ufficiale,18.0,2024-10-18
d.pellegrini@libero.it,Portachiavi,8.0,2025-02-02
d.pellegrini@libero.it,Maglia Away 2024/25,75.0,2025-02-17
s.russo@email.it,Poster stagione,12.0,2024-11-24
s.russo@email.it,Maglia Away 2024/25,75.0,2025-01-02
a.ferretti@libero.it,Borraccia,15.0,2025-01-01
a.ferretti@libero.it,Cappellino,22.0,2025-01-30
a.ferretti@libero.it,Sciarpa ufficiale,18.0,2025-02-13
a.ferretti@libero.it,Poster stagione,12.0,2024-09-06
f.moretti@email.it,Maglia Home 2024/25,75.0,2024-10-03
f.moretti@email.it,Sciarpa ufficiale,18.0,2024-10-05
s.poli@email.it,Maglia Home 2024/25,75.0,2025-01-25
s.poli@email.it,Sciarpa ufficiale,18.0,2024-09-15
s.poli@email.it,Sciarpa ufficiale,18.0,2024-11-06
s.poli@email.it,Sciarpa ufficiale,18.0,2025-01-11
m.esposito@gmail.com,Maglia Home 2024/25,75.0,2025-02-17
m.esposito@gmail.com,Felpa Pro Vercelli,55.0,2024-09-22
m.esposito@gmail.com,Cappellino,22.0,2024-12-24
s.bianchi@gmail.com,Borraccia,15.0,2025-01-02
s.bianchi@gmail.com,Sciarpa ufficiale,18.0,2024-10-27
r.costa@email.it,Sciarpa ufficiale,18.0,2025-01-28
a.gatti@hotmail.it,Felpa Pro Vercelli,55.0,2024-10-13
a.gatti@hotmail.it,Portachiavi,8.0,2024-12-26
n.rizzo@gmail.com,Maglia Away 2024/25,75.0,2024-10-29
n.rizzo@gmail.com,Poster stagione,12.0,2024-12-08
e.lombardi@gmail.com,Poster stagione,12.0,2024-10-09
e.lombardi@gmail.com,Maglia Away 2024/25,75.0,2024-10-16
n.fontana@gmail.com,Maglia Home 2024/25,75.0,2025-01-15
c.poli@gmail.com,Maglia Away 2024/25,75.0,2024-09-24
c.poli@gmail.com,Borraccia,15.0,2025-02-16
d.gatti@hotmail.it,Maglia Home 2024/25,75.0,2025-02-21
d.gatti@hotmail.it,Poster stagione,12.0,2025-01-12
a.pellegrini@hotmail.it,Portachiavi,8.0,2024-09-12
r.moretti@gmail.com,Poster stagione,12.0,2024-10-29
r.moretti@gmail.com,Borraccia,15.0,2024-12-07
p.costa@email.it,Maglia Away 2024/25,75.0,2024-12-18
e.moretti@gmail.com,Borraccia,15.0,2024-10-30
n.bruno@libero.it,Poster stagione,12.0,2024-11-05
a.marchetti@hotmail.it,Cappellino,22.0,2025-02-24
d.marino@yahoo.it,Poster stagione,12.0,2024-12-02
r.greco@gmail.com,Felpa Pro Vercelli,55.0,2024-11-06
l.barbieri@yahoo.it,Portachiavi,8.0,2025-02-04
f.bianchi@hotmail.it,Poster stagione,12.0,2024-10-23
e.bruno@hotmail.it,Borraccia,15.0,2024-10-16
s.barbieri@hotmail.it,Borraccia,15.0,2024-11-04
m.gallo@yahoo.it,Portachiavi,8.0,2025-02-28
c.rossi@yahoo.it,Sciarpa ufficiale,18.0,2025-02-16
